<?xml version="1.0" encoding="ISO-8859-1"?><?xml-stylesheet type="text/xsl" href="browse.xsl"?><glossary><title>Browse the 690 dictionary</title><entry> <sort>1-to-1</sort> <term>1-to-1</term> <definition>Database relationship in which one instance of entity A is associated with one instance of entity B.</definition> <topic>databases</topic> </entry> <entry> <sort>1-to-many</sort> <term>1-to-many</term> <definition>Database relationship in which one instance of entity A can correspond to many instances of entity B, but an instance of B can correspond to only one A , for example, a grade has many students, but each student is in only one grade.</definition> <topic>databases</topic> </entry> <entry> <sort>absolute path</sort> <term>absolute path</term> <definition>A complete pathname that is independent of the current file location. Includes the root directory of a file or complete URL of a web page.</definition> <topic>computers and networks</topic> <topic>internet</topic></entry><entry> <sort>access time</sort> <term>access time</term> <definition>Measurement of the amount of time it takes the process to read data, instructions, and information from memory.</definition> <topic>computers and networks</topic> <topic>storage media</topic></entry><entry> <sort>accessible information</sort> <term>accessible information</term> <definition>Is available when the decision-maker needs it.</definition> <topic>databases</topic> </entry> <entry> <sort>acid properties</sort> <term>ACID properties</term> <definition>Basic properties of a database management system which allow safe sharing of information: Atomicity, Consistency, Isolation, and Durability.</definition> <topic>databases</topic></entry> <entry> <sort>ad hoc retrieval</sort> <term>ad hoc retrieval</term> <definition>Search type seeking documents "about this."</definition> <topic>information retrieval</topic></entry> <entry> <sort>algorithms</sort> <term>algorithms</term> <definition>A sequence of well-defined instructions designed to accomplish a certain task.</definition> <topic>programming</topic> </entry><entry> <sort>analog</sort> <term>analog</term> <definition>Continuous (wave form) signals.</definition> <topic>computers and networks</topic> </entry> <entry> <sort>application service provider (ASP)</sort> <term>application service provider (ASP)</term> <definition>A third-party organization that manages and distributes software and services on the Web, so programs are run from the Internet rather than installed on the user's computer.</definition> <topic>computers and networks</topic> </entry> <entry> <sort>application</sort> <term>application</term> <definition>Software programs designed to make users more productive and/or assist them with personal tasks.</definition> <topic>computers and networks</topic> </entry> <entry> <sort>arithmetic logic unit (ALU)</sort> <term>arithmetic logic unit (ALU)</term> <definition>Component of a processor that performs arithmetic, comparison, and other operations.</definition> <topic>computers and networks</topic> </entry> <entry> <sort>arrays</sort> <term>arrays</term> <definition>A set of elements grouped together.</definition> <topic>programming</topic> </entry><entry> <sort>assembly language</sort> <term>assembly language</term> <definition>The second generation of programming languages in which a programmer write instructions using symbolic instruction codes, or meaningful abbreviations and codes.</definition> <topic>programming</topic> </entry> <entry> <sort>asymmetric key encryption</sort> <term>asymmetric key encryption</term> <definition>An encryptions scheme in which different keys are used for encryption and decryption.</definition> <topic>privacy and security</topic></entry> <entry> <sort>attribute</sort> <term>attribute</term> <definition>A named field in a database, also a column.</definition> <topic>databases</topic> </entry> <entry> <sort>audio input</sort> <term>audio input</term> <definition>Process of entering any sound, such as speech, music, and sound effects, into the computer.</definition> <topic>computers and networks</topic> </entry> <entry> <sort>audit trail</sort> <term>audit trail</term> <definition>A log maintained by the computer that records in a file both successful and unsuccessful access attempts.</definition> <topic>privacy and security</topic> </entry><entry> <sort>backup</sort> <term>backup</term> <definition>Duplicate or copy of a file, program, or disk that can be used if the original is lost, damaged or destroyed.</definition> <topic>storage media</topic> </entry> <entry> <sort>bandwidth</sort> <term>bandwidth</term> <definition>The amount of data that can travel over a communications channel in a fixed amount of time.</definition> <topic>computers and networks</topic> <topic>internet</topic></entry> <entry> <sort>basic input output system (BIOS)</sort> <term>basic input output system (BIOS)</term> <definition>Built-in software that determines what a computer can do without accessing any programs and controls start-up.</definition> <topic>computers and networks</topic> </entry> <entry> <sort>batch processing</sort> <term>batch processing</term> <definition>A software architecture in which tasks are saved up and executed all at once</definition> <topic>building and deploying systems</topic> <topic>computers and networking</topic></entry> <entry> <sort>bay</sort> <term>bay</term> <definition>Opening inside the system unit in which additional equipment can be installed.</definition> <topic>computers and networks</topic> </entry> <entry> <sort>best-of-breed</sort> <term>best-of-breed</term> <definition>A tech buzzword that signifies a stand-alone, specialized software program designed to excel at a particular task.</definition> <topic>building and deploying systems</topic> </entry> <entry> <sort>binary digit</sort> <term>binary digit</term> <definition>See bit.</definition> <topic>computers and networks</topic> </entry> <entry> <sort>binary system</sort> <term>binary system</term> <definition>Number system used by computers that has just two unique digits, 0 and 1, called bits.</definition> <topic>computers and networks</topic> </entry> <entry> <sort>biometric device</sort> <term>biometric device</term> <definition>A device that authenticates a person's identity by translating a personal characteristic, such a fingerprint, into a digital code that is then compared with a digital code stored in the computer verifying a physical or behavioral characteristic.</definition> <topic>privacy and security</topic> </entry><entry> <sort>bit (b)</sort> <term>bit (b)</term> <definition>The smallest unit of data a computer can process, equal to 1/8 of a byte. Bit is short for binary digit.</definition> <topic>computers and networks</topic> </entry> <entry> <sort>boolean retrieval</sort> <term>Boolean retrieval</term> <definition>A retrieval system using Boolean operators (AND, OR, NOT) which can be accurate and efficient, but sometimes returns nonexistent relationships.</definition> <topic>information retrieval</topic> </entry> <entry> <sort>broadband</sort> <term>broadband</term> <definition>Type of media that transmits multiple signals simultaneously.</definition> <topic>computers and networks</topic> <topic>internet</topic></entry><entry> <sort>buffer</sort> <term>buffer</term> <definition>See disk cache.</definition> <topic>storage media</topic> </entry> <entry> <sort>bug</sort> <term>bug</term> <definition>A program error.</definition> <topic>programming</topic> </entry> <entry> <sort>burning</sort> <term>burning</term> <definition>Process of writing on an optical disc.</definition> <topic>storage media</topic> </entry> <entry> <sort>bus</sort> <term>bus</term> <definition>In a computer, the electrical channel that transfers electronic bits internally within the circuitry of a computer, allowing the devices both inside and attached to the system unit to communicate with each other. In a network, the physical cable that connects the computers and other devices in a bus network. A network has a bus topology if all the computers attach to the same cable.</definition> <topic>computers and networks</topic> </entry> <entry> <sort>business software</sort> <term>business software</term> <definition>Application software that assists people in becoming more efficient and effective while performing their daily business activities.</definition> <topic>computers and networks</topic> </entry> <entry> <sort>byte (B)</sort> <term>byte (B)</term> <definition>Eight bits that are grouped together as a unit. A byte provides enough different combinations of 0s and 1s to represent 256 individual characters.</definition> <topic>computers and networks</topic> </entry> <entry> <sort>c#</sort> <term>C#</term> <definition>An object-oriented programming language based on C++ and used for Web applications and XML-based Web services.</definition> <topic>programming</topic> </entry> <entry> <sort>c++</sort> <term>C++</term> <definition>An object-oriented programming language that extends the C programming language, often used to develop database and Web applications.</definition> <topic>programming</topic> </entry> <entry> <sort>c</sort> <term>C</term> <definition>Programming language designed for writing systems software, and today used for programs including operating systems and application software.</definition> <topic>programming</topic> </entry> <entry> <sort>cache</sort> <term>cache</term> <definition>Area of memory that stores the contents of frequently used data or instructions.</definition> <topic>computers and networks</topic> </entry> <entry> <sort>capacity</sort> <term>capacity</term> <definition>The number of bytes (characters) a storage medium can hold.</definition> <topic>storage media</topic> </entry> <entry> <sort>central processing unit</sort> <term>central processing unit</term> <definition>See processor.</definition> <topic>computers and networks</topic> </entry> <entry> <sort>certificate authority</sort> <term>certificate authority</term> <definition>An authorized person or company that issues and verifies digital certificates.</definition> <topic>privacy and security</topic></entry> <entry> <sort>cgi (common gateway interface)</sort> <term>CGI (Common Gateway Interface)</term> <definition>A technology used in web servers to generate a web page in response to a user input.</definition> <topic>computers and networking</topic> <topic>programming</topic></entry><entry> <sort>chip</sort> <term>chip</term> <definition>Small piece of semi conducting material, usually silicon, on which integrated circuits are etched.</definition> <topic>computers and networks</topic> </entry> <entry> <sort>circuit-switched system</sort> <term>circuit-switched system</term> <definition>A system in which there is a fixed connection between two points on a network, through which a transmission is sent.</definition> <topic>computers and networks</topic> </entry> <entry> <sort>client/server network</sort> <term>client/server network</term> <definition>Network in which one or more computers act as a server, and the other computers on the network request services from the server.</definition> <topic>computers and networks</topic> </entry> <entry> <sort>client</sort> <term>client</term> <definition>Computer on a network that requests resources from the server.</definition> <topic>computers and networks</topic> </entry> <entry> <sort>clock cycle</sort> <term>clock cycle</term> <definition>One tick of the system clock.</definition> <topic>computers and networks</topic> </entry> <entry> <sort>clock speed</sort> <term>clock speed</term> <definition>Pace of the system clock, measured by the number of ticks (clock cycles) per second.</definition> <topic>computers and networks</topic> </entry> <entry> <sort>cobol (Common Business-Oriented Language)</sort> <term>COBOL (Common Business-Oriented Language)</term> <definition>Programming language designed for business applications.</definition> <topic>programming</topic> </entry> <entry> <sort>code</sort> <term>code</term> <definition>The programming language used to write a program.</definition> <topic>programming</topic> </entry> <entry> <sort>compiler</sort> <term>compiler</term> <definition>A separate program that converts the entire source program into machine language, or an object code, before executing it.</definition> <topic>programming</topic> </entry> <entry> <sort>compression</sort> <term>compression</term> <definition>A reduction in size of a picture so that it takes up fewer bits.</definition> <topic>multimedia</topic> </entry> <entry> <sort>computer program</sort> <term>computer program</term> <definition>A series of instructions that directs a computer to perform tasks.</definition> <topic>programming</topic> </entry> <entry> <sort>computer virus</sort> <term>computer virus</term> <definition>A potentially damaging computer program that infects a computer and negatively affects the way the computer works without the user's knowledge or permission.</definition> <topic>privacy and security</topic> </entry><entry> <sort>computer</sort> <term>computer</term> <definition>Electronic device, operating under the control of instructions stored in its own memory, that can accept data, process the data according to specified rules, produce results, and store the results for future use.</definition> <topic>computers and networks</topic> </entry> <entry> <sort>concurrency</sort> <term>concurrency</term> <definition>Database issue that arises when multiple people have shared access to the same database</definition> <topic>databases</topic> </entry> <entry> <sort>conditional</sort> <term>conditional</term> <definition>A type of programming control structure in which instructions are contingent on a condition being true.</definition> <topic>programming</topic></entry> <entry> <sort>connector</sort> <term>connector</term> <definition>Device that joins a cable to a peripheral.</definition> <topic>computers and networks</topic> </entry> <entry> <sort>control unit</sort> <term>control unit</term> <definition>Component of a processor that directs and coordinates most of the operations in the computer.</definition> <topic>computers and networks</topic> </entry> <entry> <sort>cookie</sort> <term>cookie</term> <definition>A small text file that a web server stores on your computer which web applications use to identify users and customize web pages.</definition> <topic>privacy and security</topic> </entry> <entry> <sort>cost-effective (information)</sort> <term>cost-effective (information)</term> <definition>Gives more value than it costs to produce.</definition> <topic>databases</topic> </entry> <entry> <sort>cpu</sort> <term>CPU</term> <definition>See processor.</definition> <topic>computers and networks</topic> </entry> <entry> <sort>cracker (or hacker)</sort> <term>cracker (or hacker)</term> <definition>Someone who tries to access a computer or network illegally.</definition> <topic>privacy and security</topic> </entry><entry> <sort>crap</sort> <term>CRAP</term> <definition>An acronym for four basic concepts of graphical design: Contrast, Repetition, Alignment and Proximity.</definition> <topic>interacting with users</topic> </entry> <entry> <sort>css (cascading style sheets)</sort> <term>CSS (Cascading Style Sheets)</term> <definition>Used in web page design to separate the content and style of a web page from its appearance</definition> <topic>structured documents and XML</topic> </entry> <entry> <sort>daisy chain</sort> <term>daisy chain</term> <definition>Method of attaching multiple peripherals in which the first USB device connects to the USB port on the computer, the second USB device connects to the first USB device, the third USB device connects to the second USB device, and so on.</definition> <topic>computers and networks</topic> </entry> <entry> <sort>data bus</sort> <term>data bus</term> <definition>Part of a bus that transfers actual data.</definition> <topic>computers and networks</topic> </entry> <entry> <sort>data entry form</sort> <term>data entry form</term> <definition>A window that provides areas for entering or changing data in a database.</definition> <topic>databases</topic> </entry> <entry> <sort>data file</sort> <term>data file</term> <definition>A collection of related records stored on a storage medium such as a hard disk, CD, or DVD.</definition> <topic>databases</topic> </entry> <entry> <sort>data integrity</sort> <term>data integrity</term> <definition>The quality of the data, i.e., the quantity of errors.</definition> <topic>databases</topic> </entry> <entry> <sort>data mining</sort> <term>data mining</term> <definition>Finding patterns and relationship s among data.</definition> <topic>databases</topic> </entry> <entry> <sort>data model</sort> <term>data model</term> <definition>Rules and standards that define how a database organizes data.</definition> <topic>databases</topic> </entry> <entry> <sort>data retrieval</sort> <term>Data retrieval</term> <definition>In the context of an IR system, consists mainly of determining which documents of a collection contain the keywords in the user query which, most frequently, is not enough to satisfy the user information need.</definition> <topic>information retrieval</topic> </entry><entry> <sort>data type</sort> <term>data type</term> <definition>The kind of data a field can contain, such as text (alphanumeric), numeric, date</definition> <topic>databases</topic> </entry> <entry> <sort>data warehouse</sort> <term>data warehouse</term> <definition>A huge database that stores and manages the data required to analyze historical and current transactions.</definition> <topic>databases</topic> </entry> <entry> <sort>data</sort> <term>data</term> <definition>Pieces of information, including text, numbers, images, audio, and video.</definition> <topic>computers and networks</topic> <topic>databases</topic></entry><entry> <sort>database management system (DBMS)</sort> <term>database management system (DBMS)</term> <definition>Application software that allows users to create, access, and manage a database (i.e., Microsoft Access).</definition> <topic>databases</topic> </entry> <entry> <sort>database</sort> <term>database</term> <definition>A collection of data organized in a manner that allows access, retrieval, and use of that data, or a large, integrated collection of data organized to support access which models some aspects of reality.</definition> <topic>databases</topic> </entry> <entry> <sort>decryption</sort> <term>decryption</term> <definition>Process of converting unreadable characters into readable data.</definition> <topic>privacy and security</topic></entry> <entry> <sort>deep web</sort> <term>deep web</term> <definition>That part of the Web which is not indexed by search engines because its pages are generated in response to queries and are not linked to other pages.</definition> <topic>databases</topic> </entry> <entry> <sort>denial of service attack</sort> <term>denial of service attack</term> <definition>An assault on a computer whose purpose is to disrupt access to the web.</definition> <topic>privacy and security</topic> </entry><entry> <sort>desktop</sort> <term>desktop</term> <definition>On-screen work area that has a graphical user interface.</definition> <topic>computers and networks</topic> </entry> <entry> <sort>developer</sort> <term>developer</term> <definition>See programmer.</definition> <topic>computers and networks</topic> </entry> <entry> <sort>digital certificate</sort> <term>digital certificate</term> <definition>A notice that guarantees a user or a web site is legitimate.</definition> <topic>privacy and security</topic> </entry><entry> <sort>digital rights management (DRM)</sort> <term>digital rights management (DRM)</term> <definition>Access and copy controls placed on a digital work.</definition> <topic>privacy and security</topic></entry> <entry> <sort>digital signature</sort> <term>digital signature</term> <definition>Encrypted code that a person, Web site, or company attaches to an electronic message to verify the identity of the information sender.</definition> <topic>privacy and security</topic></entry> <entry> <sort>digital</sort> <term>digital</term> <definition>Representation of data using only two discrete states: on (1) and off (0).</definition> <topic>computers and networks</topic> </entry> <entry> <sort>direct access</sort> <term>direct access</term> <definition>See random access.</definition> <topic>storage media</topic> </entry> <entry> <sort>direct observation</sort> <term>direct observation</term> <definition>A method for studying human-computer interaction in which the evaluator observes users interacting with the system.</definition> <topic>interacting with users</topic> </entry> <entry> <sort>disk cache</sort> <term>disk cache</term> <definition>Memory chips on a hard disk that store frequently accessed items such as data, instructions and information. Also called a buffer.</definition> <topic>storage media</topic> </entry> <entry> <sort>dmca</sort> <term>DMCA (Digital Millennium Copyright Act)</term> <definition>1998 act which makes it illegal to circumvent antipiracy schemes in commercial software; outlaws sale of devices that copy software illegally.</definition> <topic>privacy and security</topic></entry> <entry> <sort>document type definition (DTD)</sort> <term>Document Type Definition (DTD)</term> <definition>Terms that define a well-formed XML document.</definition> <topic>structured documents and XML</topic> </entry> <entry> <sort>domain name system (DNS)</sort> <term>domain name system (DNS)</term> <definition>A system that links domain names to IP addresses.</definition> <topic>computers and networks</topic> </entry> <entry> <sort>dublin core</sort> <term>Dublin Core</term> <definition>A metadata standard for describing digital resources.</definition> <topic>structured documents and XML</topic> </entry> <entry> <sort>encryption key</sort> <term>encryption key</term> <definition>Programmed formula that the recipient of data uses to decrypt cipher-text.</definition> <topic>privacy and security</topic></entry> <entry> <sort>encryption</sort> <term>encryption</term> <definition>The process of converting readable data into unreadable characters to prevent unauthorized access.</definition> <topic>privacy and security</topic> </entry><entry> <sort>ergonomics</sort> <term>ergonomics</term> <definition>The science of incorporating comfort, efficiency, and safety into the design of the workplace.</definition> <topic>interacting with users</topic> </entry> <entry> <sort>event</sort> <term>event</term> <definition>An action which triggers the execution of code. Examples: onMouseover, onClick.</definition> <topic>programming</topic> </entry><entry> <sort>execute</sort> <term>execute</term> <definition>Process of a computer carrying out the instructions in a program.</definition> <topic>computers and networks</topic> </entry> <entry> <sort>external hard disk</sort> <term>external hard disk</term> <definition>Separate freestanding hard disk that connects with a cable to a USB port of FireWire port on the system unit.</definition> <topic>storage media</topic> </entry> <entry> <sort>field name</sort> <term>field name</term> <definition>A unique identifier for each field in a database.</definition> <topic>databases</topic> </entry> <entry> <sort>field size</sort> <term>field size</term> <definition>The maximum number of characters a field can contain.</definition> <topic>databases</topic> </entry> <entry> <sort>field</sort> <term>field</term> <definition>An "atomic" unit of data.</definition> <topic>databases</topic> </entry> <entry> <sort>firewall</sort> <term>firewall</term> <definition>A security system consisting of hardware and/or software that prevents unauthorized access to data, information, and storage media on a network.</definition> <topic>privacy and security</topic> </entry><entry> <sort>firmware</sort> <term>firmware</term> <definition>ROM chips that contain permanently written data, instructions, or information, recorded on the chips when they were manufactured.</definition> <topic>computers and networks</topic> </entry> <entry> <sort>flash memory</sort> <term>flash memory</term> <definition>Type of non-volatile memory that can be erased electronically and rewritten.</definition> <topic>storage media</topic> </entry> <entry> <sort>floppy disk</sort> <term>floppy disk</term> <definition>Portable storage medium that consists of a thin, circular flexible plastic Mylar film with a magnetic coating, enclosed in a square shaped plastic shell.</definition> <topic>storage media</topic> </entry> <entry> <sort>foreign key</sort> <term>foreign key</term> <definition>A field in a relational database that matches the primary key of another table.</definition> <topic>databases</topic> </entry> <entry> <sort>formative evaluation</sort> <term>formative evaluation</term> <definition>Evaluation done while a system is being developed, designed to inform its design.</definition> <topic>interacting with users</topic> </entry> <entry> <sort>formatting</sort> <term>formatting</term> <definition>Process of dividing a disk into tracks and sectors so the operating system can store and locate data and information on the disk.</definition> <topic>storage media</topic> </entry> <entry> <sort>freeware</sort> <term>freeware</term> <definition>Software provided at no cost to use by an individual or company.</definition> <topic>computers and networks</topic> </entry> <entry> <sort>functions</sort> <term>functions</term> <definition>Reusable code for doing a single task which takes in one or more parameters and returns a single value.</definition> <topic>programming</topic> </entry> <entry> <sort>garbage in, garbage out</sort> <term>garbage in, garbage out</term> <definition>A computing phrase meaning roughly "the accuracy of a computer's output depends on the accuracy of the input."</definition> <topic>computers and networks</topic> </entry> <entry> <sort>gif</sort> <term>GIF</term> <definition>An image compression strategy which converts images to a 256-color palette.</definition> <topic>multimedia</topic> </entry> <entry> <sort>gigabyte (GB)</sort> <term>gigabyte (GB)</term> <definition>Exactly 1,073,741,824 bytes (2 to the power of 30), often rounded to 1 billion.</definition> <topic>computers and networks</topic> </entry> <entry> <sort>gigahertz (GHz)</sort> <term>gigahertz (GHz)</term> <definition>One billion ticks of the system clock per second.</definition> <topic>computers and networks</topic> </entry> <entry> <sort>graphical user interface (GUI)</sort> <term>graphical user interface (GUI)</term> <definition>Type of user interface that allows a user to interact with software using text, graphics, and visual images, such as icons. See from GUI.</definition> <topic>interacting with users</topic> </entry> <entry> <sort>groupware</sort> <term>groupware</term> <definition>Software that helps groups of people work together on projects and share information over a network.</definition> <topic>internet</topic> </entry> <entry> <sort>hard copy</sort> <term>hard copy</term> <definition>Printed information that exists physically and is a more permanent form of output than that presented on a display device (soft copy).</definition> <topic>storage media</topic> </entry> <entry> <sort>hard disk</sort> <term>hard disk</term> <definition>Type of storage device that contains one or more inflexible, circular platters that store data, instructions and information.</definition> <topic>storage media</topic> </entry> <entry> <sort>hardware</sort> <term>hardware</term> <definition>Electric, electronic, and mechanical components contained in a computer.</definition> <topic>computers and networks</topic> </entry> <entry> <sort>high-level language</sort> <term>high-level language</term> <definition>A programming language in which each language instruction typically equates to multiple machine instructions.</definition> <topic>programming</topic> </entry>  <entry> <sort>html (Hypertext Markup Language)</sort> <term>HTML (Hypertext Markup Language)</term> <definition>A markup language for encoding information to be read by humans.</definition> <topic>structured documents and XML</topic> </entry> <entry> <sort>http (Hypertext Transfer Protocol)</sort> <term>HTTP (Hypertext Transfer Protocol)</term> <definition>A protocol for transferring data between machines on the Internet.</definition> <topic>structured documents and XML</topic> </entry> <entry> <sort>huffman coding</sort> <term>Huffman coding</term> <definition>A compression strategy in which fewer bits are used to represent common colors.</definition> <topic>multimedia</topic> </entry> <entry> <sort>hypertext markup language (HTML)</sort> <term>hypertext markup language (HTML)</term> <definition>A subset of standard generalized markup language used to author web pages. HTML specifies how text is formatted in web browsers.</definition> <topic>internet</topic> </entry> <entry> <sort>icon</sort> <term>icon</term> <definition>A small image displayed on the screen that represents a program, a document, or some other object.</definition> <topic>computers and networks</topic> </entry> <entry> <sort>image map</sort> <term>image map</term> <definition>A graphical image that points to a Web address.</definition> <topic>internet</topic> </entry> <entry> <sort>image</sort> <term>image</term> <definition>A collection of picture elements.</definition> <topic>multimedia</topic> </entry> <entry> <sort>information overload</sort> <term>information overload</term> <definition>A phrase coined after World War II to describe the challenges resulting from a rapid increase in scientific progress and scientific publications.</definition> <topic>information retrieval</topic> </entry> <entry> <sort>information processing cycle</sort> <term>information processing cycle</term> <definition>Series of input, process, output, and storage activities performed by a computer.</definition> <topic>computers and networks</topic> </entry> <entry> <sort>information retrieval (IR) </sort> <term>Information retrieval (IR) </term> <definition>Deals with the representation, storage, organization of, and access to information items. The representation and organization of the information items should provide the user with easy access to the information in which he is interested.</definition> <topic>information retrieval</topic> </entry><entry> <sort>information system</sort> <term>information system</term> <definition>Collection of hardware, software, data, people, and procedures that work together to produce quality information</definition> <topic>computers and networks</topic> </entry> <entry> <sort>information</sort> <term>information</term> <definition>Processed data that is organized, meaningful, and useful, including documents, audio, images, and video.</definition> <topic>databases</topic> <topic>computers and networks</topic></entry><entry> <sort>input device</sort> <term>input device</term> <definition>Any hardware component that allows users to enter date and instructions into a computer.</definition> <topic>computers and networks</topic> </entry> <entry> <sort>input</sort> <term>input</term> <definition>Data entered into a computer system.</definition> <topic>computers and networks</topic> </entry> <entry> <sort>instructions</sort> <term>instructions</term> <definition>Steps that tell the computer how to perform a particular task.</definition> <topic>computers and networks</topic> </entry> <entry> <sort>intellectual property rights</sort> <term>intellectual property rights</term> <definition>The rights to which creators are entitled for their work on unique and original ideas, inventions, writings, art, processes, company names and logos.</definition> <topic>privacy and security</topic> </entry><entry> <sort>internet protocol (IP) address</sort> <term>internet protocol (IP) address</term> <definition>A number that identifies each connection to a network. It takes the form of four numbers separated by periods.</definition> <topic>computers and networks</topic> <topic>internet</topic></entry><entry> <sort>internet</sort> <term>Internet</term> <definition>Worldwide collection of networks that connects millions of businesses, government agencies, educational institutions, and individuals.</definition> <topic>computers and networks</topic> <topic>internet</topic></entry><entry> <sort>interoperability</sort> <term>interoperability</term> <definition>The ability of different computer systems and programs to work together.</definition> <topic>structured documents and XML</topic> </entry> <entry> <sort>intranet</sort> <term>intranet</term> <definition>A network that is set up for internal use within an organization.</definition> <topic>computers and networks</topic> </entry> <entry> <sort>iteration</sort> <term>iteration</term> <definition>A type of programming control structure in which instructions are repeated until a condition is met.</definition> <topic>programming</topic></entry> <entry> <sort>java applet</sort> <term>Java applet</term> <definition>A small Java program that runs inside another program such as a Web browser.</definition> <topic>programming</topic> </entry> <entry> <sort>java</sort> <term>Java</term> <definition>An object-oriented programming language developed by Sun Microsystems.</definition> <topic>programming</topic> </entry> <entry> <sort>javascript</sort> <term>JavaScript</term> <definition>An interpreted language that allows a programmer to add dynamic content and interactive elements to a web page.</definition> <topic>programming</topic> </entry> <entry> <sort>join</sort> <term>join</term> <definition>In SQL, associates records from two tables so information can be retrieved.</definition> <topic>databases</topic> </entry> <entry> <sort>jpeg</sort> <term>JPEG</term> <definition>An image compression strategy which uses mathematical curves (discrete cosine transform) to approximate changes in the image.</definition> <topic>multimedia</topic> </entry> <entry> <sort>key</sort> <term>key</term> <definition>A large number (greater than 1024 bits) used for encryption and decryption.</definition> <topic>privacy and security</topic></entry> <entry> <sort>kilobyte (KB or K)</sort> <term>kilobyte (KB or K)</term> <definition>Exactly 1,024 bytes (2 to the power of 10).</definition> <topic>computers and networks</topic> </entry> <entry> <sort>known item search</sort> <term>known item search</term> <definition>Search type concerned with locating an item known to exist</definition> <topic>information retrieval</topic></entry> <entry> <sort>latency</sort> <term>latency</term> <definition>The time it takes a signal to travel from one location to another on a network.</definition> <topic>internet</topic> <topic>computers and networks</topic></entry> <entry> <sort>license agreement</sort> <term>license agreement</term> <definition>The right to use the software; you do not own the software.</definition> <topic>privacy and security</topic> </entry> <entry> <sort>load</sort> <term>load</term> <definition>Process of a computer copying a program from storage to memory.</definition> <topic>computers and networks</topic> </entry> <entry> <sort>local area network (LAN)</sort> <term>local area network (LAN)</term> <definition>Network that connects computers and devices in a limited geographical area such as a home, school computer laboratory, office building, or closely positioned group of buildings.</definition> <topic>internet</topic> <topic>computers and networks</topic></entry> <entry> <sort>log</sort> <term>log</term> <definition>A listing of activities that change the contents of the database.</definition> <topic>databases</topic> </entry> <entry> <sort>lossless data compression</sort> <term>lossless data compression</term> <definition>A form of compression in which the original image can be reconstructed in exact original form.</definition> <topic>multimedia</topic> </entry> <entry> <sort>lossy data compression</sort> <term>lossy data compression</term> <definition>A form of compression in which the original image cannot be reconstructed.</definition> <topic>multimedia</topic> </entry> <entry> <sort>low-level language</sort> <term>low-level language</term> <definition>A programming language that is machine dependent, or runs on only one particular type of computer.</definition> <topic>programming</topic> </entry> <entry> <sort>machine language</sort> <term>machine language</term> <definition>A low-level, first generation programming language, and the only language the computer directly recognizes, consisting of binary digits that correspond to the off and on electrical states of a computer.</definition> <topic>programming</topic> </entry> <entry> <sort>magnetic disk</sort> <term>magnetic disk</term> <definition>Storage medium that uses magnetic particles to store items such as data, instructions and information on a disk's surface.</definition> <topic>storage media</topic> </entry> <entry> <sort>mainframe</sort> <term>mainframe</term> <definition>Large, expensive, powerful computer that can handle hundreds or thousands of connected users simultaneously, storing tremendous amounts of data, instructions, and information.</definition> <topic>computers and networks</topic> </entry> <entry> <sort>many-to-many</sort> <term>many-to-many</term> <definition>A type of database relationship in which multiple matches are possible between items A and B and between B and A.</definition> <topic>databases</topic> </entry> <entry> <sort>mathml</sort> <term>MathML</term> <definition>An XML language for defining mathematic formulas.</definition> <topic>structured documents and XML</topic> </entry> <entry> <sort>megabyte (MB)</sort> <term>megabyte (MB)</term> <definition>Exactly 1,048,576 bytes (2 to the power of 20), often rounded to 1 million.</definition> <topic>computers and networks</topic> </entry><entry> <sort>memex machine</sort> <term>Memex machine</term> <definition>Conceived by Vannevar Bush and foreshadowing development of hypertext and information retrieval.</definition> <topic>information retrieval</topic></entry><entry> <sort>memory cache</sort> <term>memory cache</term> <definition>Cache that helps speed the processes of a computer by storing frequently used instructions and data.</definition> <topic>computers and networks</topic> </entry><entry> <sort>memory module</sort> <term>memory module</term> <definition>Small circuit board that houses RAM chips and is held in a memory slot on the motherboard.</definition> <topic>computers and networks</topic> </entry><entry> <sort>memory slots</sort> <term>memory slots</term> <definition>Slots on the motherboard that hold memory modules.</definition> <topic>computers and networks</topic> </entry><entry> <sort>memory</sort> <term>memory</term> <definition>Electronic components in a computer that store instructions waiting to be executed and data needed by those instructions.</definition> <topic>computers and networks</topic> </entry><entry> <sort>metadata</sort> <term>metadata</term> <definition>Literally "data about data," a set of data that describes and gives information about other data.</definition> <topic>structured documents and XML</topic> </entry><entry> <sort>microsecond</sort> <term>microsecond</term> <definition>One millionth of a second.</definition> <topic>computers and networks</topic> </entry><entry> <sort>microwaves</sort> <term>microwaves</term> <definition>Radio waves that provide a high-speed signal transmission.</definition> <topic>computers and networks</topic> </entry><entry> <sort>midrange server</sort> <term>midrange server</term> <definition>Server that is more powerful and larger than a workstation computer, typically supporting several hundred and sometimes up to a few thousand connected computers at the same time.</definition> <topic>computers and networks</topic> </entry><entry> <sort>modem</sort> <term>modem</term> <definition>Communications device that converts a computer's digital signals to analog signals.</definition> <topic>internet</topic> </entry><entry> <sort>moore's law</sort> <term>Moore's law</term> <definition>An observation made in 1965 by Gordon Moore that the number of transistors on a chip (and thus its speed) doubles roughly every 18 months.</definition> <topic>computers and networks</topic> </entry><entry> <sort>motherboard</sort> <term>motherboard</term> <definition>Main circuit board of the system unit, which has some electronic components attached to it and others built into it.</definition> <topic>computers and networks</topic> </entry><entry> <sort>mp3</sort> <term>MP3</term> <definition>An audio compression standard that eliminates frequencies that are difficult for humans to hear.</definition> <topic>multimedia</topic> </entry><entry> <sort>mpeg</sort> <term>MPEG</term> <definition>A video compression standard that sends entire images interspersed with alterations to that image.</definition> <topic>multimedia</topic> </entry><entry> <sort>multimedia</sort> <term>multimedia</term> <definition>Any application that combines text, graphics, audio, and video.</definition> <topic>computers and networks</topic> </entry><entry> <sort>nanosecond</sort> <term>nanosecond</term> <definition>One billionth of a second.</definition> <topic>computers and networks</topic> </entry><entry> <sort>network topology</sort> <term>network topology</term> <definition>Layout of computers and devices in a communications network.</definition> <topic>computers and networks</topic> </entry><entry> <sort>network</sort> <term>network</term> <definition>Collection of computers and devices connected together via communications devices and transmission media, allowing computers to share resources.</definition> <topic>computers and networks</topic> </entry><entry> <sort>neural network</sort> <term>neural network</term> <definition>System that attempts to imitate the behavior of the human body.</definition> <topic>computers and networks</topic> </entry><entry> <sort>normalization</sort> <term>normalization</term> <definition>A process of organizing a database to remove ambiguous relationships between data and minimize data redundancy.</definition> <topic>databases</topic> </entry><entry> <sort>object-oriented database (OODB)</sort> <term>object-oriented database (OODB)</term> <definition>Stores data in objects, items that contain data, and actions that read or process that data</definition> <topic>databases</topic> </entry><entry> <sort>object-oriented programming (OOP) language</sort> <term>object-oriented programming (OOP) language</term> <definition>An event driven programming language, such as Java, C++, and C#.</definition> <topic>programming</topic> </entry><entry> <sort>online</sort> <term>online</term> <definition>Describes the state of a computer when it is connected to a network.</definition> <topic>computers and networks</topic> </entry><entry> <sort>ontologies</sort> <term>ontologies</term> <definition>A vocabulary of terms whose meaning is formally defined.</definition> <topic>structured documents and XML</topic> </entry><entry> <sort>open-source</sort> <term>open-source</term> <definition>Software provided for use, modification, and redistribution.</definition> <topic>programming</topic> </entry><entry> <sort>operating system</sort> <term>operating system</term> <definition>Set of programs that coordinates all the activities among computer hardware devices.</definition> <topic>computers and networks</topic> </entry><entry> <sort>optical character recognition (OCR)</sort> <term>optical character recognition (OCR)</term> <definition>Optical reader technology that involves reading typewritten, computer-printed or hand-printed characters from ordinary documents and translating the images to a form that a computer can process.</definition> <topic>storage media</topic> </entry><entry> <sort>optical disc</sort> <term>optical disc</term> <definition>Type of storage medium that consists of a flat, round, portable disc made of metal, plastic and lacquer that is written on and read by a laser.</definition> <topic>storage media</topic> </entry><entry> <sort>organized information</sort> <term>organized information</term> <definition>Arranged to suit the needs and requirements of the decision maker.</definition> <topic>databases</topic> </entry><entry> <sort>output device</sort> <term>output device</term> <definition>Any hardware component that conveys information to one or more people.</definition> <topic>computers and networks</topic> </entry><entry> <sort>output</sort> <term>output</term> <definition>Data that has been processed into a useful form.</definition> <topic>computers and networks</topic> </entry><entry> <sort>packaged software</sort> <term>packaged software</term> <definition>Mass produced, copyrighted retail software that meets the needs of a variety of users, not just a single user or company.</definition> <topic>computers and networks</topic> </entry> <entry> <sort>packet-switched system</sort> <term>packet-switched system</term> <definition>A system in which transmissions are broken up into pieces and routed separately.</definition> <topic>computers and networks</topic> </entry> <entry> <sort>parallel port</sort> <term>parallel port</term> <definition>Type of interface that connects devices to the system unit by transferring more than one bit at a time.</definition> <topic>computers and networks</topic> </entry> <entry> <sort>parallel processing</sort> <term>parallel processing</term> <definition>Processing method that uses multiple processors simultaneously to execute a program in order to speed processing times.</definition> <topic>computers and networks</topic> </entry> <entry> <sort>patriot act</sort> <term>PATRIOT Act</term> <definition>2001 law which gives law enforcement the right to monitor people's activities, including Web and email habits.</definition> <topic>privacy and security</topic></entry> <entry> <sort>payload</sort> <term>payload</term> <definition>The destructive event or prank a virus program is intended to deliver.</definition> <topic>privacy and security</topic> </entry><entry> <sort>peer-to-peer</sort> <term>peer-to-peer</term> <definition>A software architecture in which all data and computation are distributed</definition> <topic>building and deploying systems</topic> <topic>computers and networking</topic></entry> <entry> <sort>peripheral</sort> <term>peripheral</term> <definition>Device that connects to a system unit and is controlled by the processor in the computer.</definition> <topic>computers and networks</topic> </entry> <entry> <sort>petabyte (PB)</sort> <term>petabyte (PB)</term> <definition>Exactly 1,125,899,906,842,624 bytes (2 to the power of 50), often rounded to 1 quadrillion.</definition> <topic>computers and networks</topic> </entry> <entry> <sort>phishing </sort> <term>phishing </term> <definition>Scam in which a perpetrator sends an official looking email that attempts to obtain your personal and financial information.</definition> <topic>privacy and security</topic></entry> <entry> <sort>pixel</sort> <term>pixel</term> <definition>The smallest element in an electronic image. Short for picture element.</definition> <topic>computers and networks</topic> <topic>multimedia</topic></entry> <entry> <sort>port</sort> <term>port</term> <definition>Point at which a peripheral attaches to a system unit so it can send data to or receive information from the computer.</definition> <topic>computers and networks</topic> </entry> <entry> <sort>precision</sort> <term>precision</term> <definition>The fraction of results retrieved by the search which are relevant. A measure of the search's success.</definition> <topic>information retrieval</topic></entry> <entry> <sort>primary key</sort> <term>primary key</term> <definition>In a relational database, a column or set of columns that uniquely identifies each record in a field.</definition> <topic>databases</topic> </entry> <entry> <sort>private key</sort> <term>private key</term> <definition>The key known only by oneself and used for decryption.</definition> <topic>privacy and security</topic></entry> <entry> <sort>procedural language</sort> <term>procedural language</term> <definition>Often called a third-generation language, it uses a series of English-like words to write instructions (PRINT means to print) or assigns names to a sequence of instructions called a procedure.</definition> <topic>programming</topic> </entry> <entry> <sort>procedural programming</sort> <term>procedural programming</term> <definition>A programming paradigm which groups instructions into meaningful functions (examples: C, Pascal, Perl).</definition> <topic>programming</topic> </entry><entry> <sort>processor</sort> <term>processor</term> <definition>Electronic component on a computer's motherboard that interprets and carries out the basic instructions that operate the computer. Also called the CPU or central processing unit.</definition> <topic>computers and networks</topic> </entry> <entry> <sort>program</sort> <term>program</term> <definition>See software.</definition> <topic>computers and networks</topic> </entry> <entry> <sort>programmer</sort> <term>programmer</term> <definition>Person who writes and modifies computer programs. See from developer.</definition> <topic>computers and networks</topic> </entry> <entry> <sort>programming language</sort> <term>programming language</term> <definition>A set of words, symbols, and codes that enables a programmer to communicate instructions to a computer.</definition> <topic>programming</topic> </entry> <entry> <sort>project</sort> <term>project</term> <definition>In SQL, specifies a subset of columns from which information will be retrieved</definition> <topic>databases</topic> </entry> <entry> <sort>prospective searches</sort> <term>prospective searches</term> <definition>A type of search in which a static query is matched against newly-updated documents. Example: filter on incoming email.</definition> <topic>information retrieval</topic></entry> <entry> <sort>public key</sort> <term>public key</term> <definition>The key known by others and used for encryption.</definition> <topic>privacy and security</topic></entry> <entry> <sort>public-domain software</sort> <term>public-domain software</term> <definition>A software program that is not copyrighted.</definition> <topic>computers and networks</topic> </entry> <entry> <sort>query language</sort> <term>query language</term> <definition>Simple, English-like statements that allow users to specify the data to display, print, or store.</definition> <topic>databases</topic> </entry> <entry> <sort>query</sort> <term>query</term> <definition>A request for specific data from the database.</definition> <topic>databases</topic> </entry> <entry> <sort>random access memory (RAM)</sort> <term>random access memory (RAM)</term> <definition>Type of memory that can be read from and written to by the processor and other devices. Programs and data are loaded into RAM from storage devices such as a hard disk and remain in RAM as long as the computer has continuous power.</definition> <topic>computers and networks</topic> </entry> <entry> <sort>random access</sort> <term>random access</term> <definition>Type of data access in which the storage device can locate a particular data item or file immediately, without having to move consecutively through items stored in front of the desired data item or file.</definition> <topic>storage media</topic> </entry> <entry> <sort>ranked retrieval</sort> <term>ranked retrieval</term> <definition>A retrieval system which assigns each returned documents a relevance ranking and places the most relevant first.t</definition> <topic>information retrieval</topic> </entry><entry> <sort>rapid prototyping model</sort> <term>rapid prototyping model</term> <definition>A software development model which uses a partially-functional prototype to refine the system requirements before expanding functionality</definition> <topic>building and deploying systems</topic> </entry><entry> <sort>raster</sort> <term>raster</term> <definition>A type of image which is a bitmap and describes the contents of the image.</definition> <topic>multimedia</topic> </entry> <entry> <sort>rdf (Resource Definition Framework)</sort> <term>RDF (Resource Definition Framework)</term> <definition>A framework for describing and interchanging metadata.</definition> <topic>structured documents and XML</topic> </entry> <entry> <sort>reading</sort> <term>reading</term> <definition>Process of transferring data, instructions and information from a storage medium into memory.</definition> <topic>storage media</topic> </entry> <entry> <sort>read-only memory (rom)</sort> <term>read-only memory (ROM)</term> <definition>Type of nonvolatile memory that is used to store permanent data and instructions.</definition> <topic>computers and networks</topic> </entry> <entry> <sort>really simple syndication (rss)</sort> <term>Really Simple Syndication (RSS)</term> <definition>An XML format for distributing news headlines on the Web.</definition> <topic>structured documents and XML</topic> </entry> <entry> <sort>recall</sort> <term>recall</term> <definition>The fraction of relevant results which were returned by the search, out of all relevant results. A measure of the search's success.</definition> <topic>information retrieval</topic></entry> <entry> <sort>receiving device</sort> <term>receiving device</term> <definition>Device that accepts the transmission of data, instructions, or information.</definition> <topic>internet</topic> <topic>computers and networks</topic></entry> <entry> <sort>record</sort> <term>record</term> <definition>A collection of related fields.</definition> <topic>databases</topic> </entry> <entry> <sort>recovery disk (or rescue disk)</sort> <term>recovery disk (or rescue disk)</term> <definition>A removable disk that contains an uninfected copy of key operating system commands and startup information that enables the computer to restart correctly.</definition> <topic>privacy and security</topic> </entry><entry> <sort>recovery utility</sort> <term>recovery utility</term> <definition>Uses logs and/or backups to restore a destroyed or damaged database.</definition> <topic>databases</topic> </entry> <entry> <sort>refresh rate</sort> <term>refresh rate</term> <definition>The number of times per second a monitor redraws an image on the screen.</definition> <topic>storage media</topic> </entry> <entry> <sort>relational database</sort> <term>relational database</term> <definition>A database that stores data in tables that consist of rows and columns.</definition> <topic>databases</topic> </entry> <entry> <sort>relationship</sort> <term>relationship</term> <definition>A connection within the data.</definition> <topic>databases</topic> </entry> <entry> <sort>relative path</sort> <term>relative path</term> <definition>A partial path that is relative to the current file location.</definition> <topic>computers and networks</topic> <topic>internet</topic></entry> <entry> <sort>relevance</sort> <term>relevance</term> <definition>A measure of the effectiveness of the results returned by a search.</definition> <topic>information retrieval</topic></entry> <entry> <sort>resolution</sort> <term>resolution</term> <definition>The number of horizontal and vertical pixels in a display device.</definition> <topic>computers and networks</topic> </entry> <entry> <sort>response time</sort> <term>response time</term> <definition>The time in milliseconds (ms) that it takes to turn a pixel on or off.</definition> <topic>computers and networks</topic> </entry> <entry> <sort>restrict</sort> <term>restrict</term> <definition>In SQL, retrieves only records matching particular criteria.</definition> <topic>databases</topic> </entry> <entry> <sort>retrospective conversion</sort> <term>retrospective conversion</term> <definition>The process by which records are converted to a new database system.</definition> <topic>building and deploying systems</topic> </entry> <entry> <sort>retrospective searches</sort> <term>retrospective searches</term> <definition>A type of search in which queries are matched against information already on the Web. Example: Google, Yahoo searches.</definition> <topic></topic></entry> <entry> <sort>rfid</sort> <term>RFID (Radio Frequency Identification) </term> <definition>Protocol that defines how a network uses radio signals to communicate with a tag placed in or attached to an object, animal, or person.</definition> <topic>privacy and security</topic> </entry><entry> <sort>ring</sort> <term>ring</term> <definition>A network has a ring topology if a cable forms a closed loop (ring) with all computers and devices arranged along the ring. Data is transmitted around the ring unidirectionally.</definition> <topic>computers and networks</topic> </entry> <entry> <sort>ripping</sort> <term>ripping</term> <definition>Process of copying an individual song from a purchased audio CD and converting it to a digital format.</definition> <topic>storage media</topic> </entry> <entry> <sort>run</sort> <term>run</term> <definition>Process of using software.</definition> <topic>computers and networks</topic> </entry> <entry> <sort>run-length encoding</sort> <term>run-length encoding</term> <definition>A compression strategy in which the number of consecutive pixels of the same color are recorded.</definition> <topic>multimedia</topic> </entry> <entry> <sort>sectors</sort> <term>sectors</term> <definition>The small arcs into which tracks on a disk are divided.</definition> <topic>storage media</topic> </entry> <entry> <sort>sending device</sort> <term>sending device</term> <definition>Device that initiates instructions to transmit data, instructions, or information.</definition> <topic>internet</topic> <topic>computers and networks</topic></entry> <entry> <sort>sequential access</sort> <term>sequential access</term> <definition>Type of data access in which the storage device reads or writes data consecutively.</definition> <topic>storage media</topic> </entry> <entry> <sort>sequential</sort> <term>sequential</term> <definition>A type of programming control structure in which instructions are performed one after another.</definition> <topic>programming</topic></entry> <entry> <sort>serial port</sort> <term>serial port</term> <definition>Type of interface that connects a device to the system unit by transmitting data one bit at a time. </definition> <topic>computers and networks</topic> </entry> <entry> <sort>server</sort> <term>server</term> <definition>Computer that controls access to the hardware, software, and other resources on a network and provides a centralized storage area for programs, data, and information.</definition> <topic>internet</topic> <topic>computers and networks</topic></entry> <entry> <sort>shareware</sort> <term>shareware</term> <definition>Copyrighted software distributed at no cost for a trial period.</definition> <topic>programming</topic> <topic>computers and networks</topic></entry> <entry> <sort>smil (Synchronized Multimedia Integration Language)</sort> <term>SMIL (Synchronized Multimedia Integration Language)</term> <definition>Programming language used to integrate multimedia with text, audio, and video using XML.</definition> <topic>structured documents and XML</topic> <topic>multimedia</topic></entry><entry> <sort>software piracy</sort> <term>software piracy</term> <definition>The unauthorized and illegal duplication of copyrighted software.</definition> <topic>privacy and security</topic></entry> <entry> <sort>software</sort> <term>software</term> <definition>Series of instructions that tells a computer what to do and how to do it. See from program.</definition> <topic>computers and networks</topic> </entry> <entry> <sort>solid-state media</sort> <term>solid-state media</term> <definition>Term used to refer to components that consist entirely of electronic components and contain no moving parts.</definition> <topic>storage media</topic> </entry> <entry> <sort>source document</sort> <term>source document</term> <definition>Document that contains the original form of data to be processed.</definition> <topic>storage media</topic> </entry> <entry> <sort>source program</sort> <term>source program</term> <definition>The program that contains the language instructions, or code, to be converted to machine language.</definition> <topic>programming</topic> </entry> <entry> <sort>spam</sort> <term>spam</term> <definition>Unsolicited email message or newsgroup posting sent to many recipients or newsgroups at once.</definition> <topic>computers and networking</topic></entry> <entry> <sort>spiral model</sort> <term>spiral model</term> <definition>A development model which stresses user testing, revision, and redesign</definition> <topic>building and deploying systems</topic> </entry><entry> <sort>spyware</sort> <term>spyware</term> <definition>A program placed on a computer without the user's knowledge that secretly collects information about the user.</definition> <topic>privacy and security</topic> </entry><entry> <sort>star</sort> <term>star</term> <definition>A network has a star topology if all the computers attach directly to a hub.</definition> <topic>computers and networks</topic> </entry> <entry> <sort>storage device</sort> <term>storage device</term> <definition>Hardware used to record (write and/or read) items to and from storage media.</definition> <topic>storage media</topic> <topic>computers and networks</topic></entry><entry> <sort>storage medium</sort> <term>storage medium</term> <definition>The physical material on which a computer keeps data, instructions and information.</definition> <topic>storage media</topic> <topic>computers and networks</topic> </entry><entry> <sort>streaming</sort> <term>streaming</term> <definition>Playing audio or video on a computer over the Internet.</definition> <topic>multimedia</topic> </entry> <entry> <sort>structured document</sort> <term>structured document</term> <definition>A document whose structure conforms to a certain set of rules.</definition> <topic>structured documents and XML</topic> </entry> <entry> <sort>structured query language (SQL)</sort> <term>Structured Query Language (SQL)</term> <definition>A query language that allows users to manage, update, and retrieve data, using special keywords and rules that users include in SQL statements.</definition> <topic>databases</topic> </entry> <entry> <sort>summative evaluation</sort> <term>summative evaluation</term> <definition>A type of evaluation concerned with overall effectiveness of a system.</definition> <topic>interacting with users</topic> </entry> <entry> <sort>supercomputer</sort> <term>supercomputer</term> <definition>Fastest, most powerful, and most expensive computer, capable of processing more than 100 trillion instructions in a single second.</definition> <topic>computers and networks</topic> </entry> <entry> <sort>surface web</sort> <term>surface web</term> <definition>That part of the Web which is indexed by search engines.</definition> <topic>databases</topic> </entry> <entry> <sort>symmetric key encryption</sort> <term>symmetric key encryption</term> <definition>An encryption scheme in which the same key is used both for encryption and decryption</definition> <topic>privacy and security</topic></entry> <entry> <sort>syntax</sort> <term>syntax</term> <definition>A set of grammar and rules that specify how to write instructions for a computer program.</definition> <topic>programming</topic> </entry> <entry> <sort>system clock</sort> <term>system clock</term> <definition>Small quartz crystal circuit that is used by the processor to control the timing of all computer operations.</definition> <topic>computers and networks</topic> </entry> <entry> <sort>system software</sort> <term>system software</term> <definition>The interface between the user, the application software, and the computer's hardware.</definition> <topic>computers and networks</topic> <topic>computers and networks</topic></entry><entry> <sort>system unit</sort> <term>system unit</term> <definition>Case that contains the electronic components of a computer that are used to process data.</definition> <topic>computers and networks</topic> </entry> <entry> <sort>table</sort> <term>table</term> <definition>A collection of related records.</definition> <topic>databases</topic> </entry> <entry> <sort>tape</sort> <term>tape</term> <definition>Magnetically coated ribbon of plastic capable of storing large amounts of data and information at a low cost.</definition> <topic>storage media</topic> </entry> <entry> <sort>terabyte (TB)</sort> <term>terabyte (TB)</term> <definition>Exactly 1,099,511,627,776 bytes (2 to the power of 40), often rounded to one trillion.</definition> <topic>computers and networks</topic> </entry> <entry> <sort>think aloud protocol</sort> <term>think aloud protocol</term> <definition>A method for studying human-computer interaction in which users speak their thoughts while interacting with the system.</definition> <topic>interacting with users</topic> </entry> <entry> <sort>third-generation language (3GL)</sort> <term>third-generation language (3GL)</term> <definition> ramming languages such as C and Java which are designed to be easier for humans to understand than machine or assembly language.</definition> <topic>programming</topic> </entry> <entry> <sort>timely information</sort> <term>timely information</term> <definition>Has a deadline or time period suited to its use.</definition> <topic>databases</topic> </entry> <entry> <sort>timesharing</sort> <term>timesharing</term> <definition>A software architecture in which all users use the same machine</definition> <topic>building and deploying systems</topic> <topic>computers and networking</topic></entry><entry> <sort>token ring</sort> <term>token ring</term> <definition>Network standard in which computers and devices on the network share or pass a special signal, called a token, in a unidirectional manner and in a preset order.</definition> <topic>computers and networks</topic> </entry> <entry> <sort>total cost of ownership (TCO)</sort> <term>total cost of ownership (TCO)</term> <definition>Price of running software including acquisition costs and "hidden" costs such as planning, installation, integration, migration, maintenance, and staff training. </definition> <topic>building and deploying systems</topic></entry> <entry> <sort>transfer effects</sort> <term>transfer effects</term> <definition>A design concept stating that people transfer their knowledge and expectations from familiar objects to new ones.</definition> <topic>interacting with users</topic> </entry> <entry> <sort>transfer rate</sort> <term>transfer rate</term> <definition>The speed at which data, instructions and information transfer to and from a device.</definition> <topic>storage media</topic> </entry> <entry> <sort>transfer time</sort> <term>transfer time</term> <definition>The amount of time it takes for data to be transferred from one place to another.</definition> <topic>computers and networks</topic> </entry> <entry> <sort>transistor</sort> <term>transistor</term> <definition>Element of an integrated circuit that can act as an electronic switch that opens or closes the circuit for electrical charges.</definition> <topic>computers and networks</topic> </entry> <entry> <sort>transmission control protocol/Internet Protocol (TCP/IP)</sort> <term>Transmission Control Protocol/Internet Protocol (TCP/IP)</term> <definition>Network standard, specifically a protocol, that defines how messages (data) are routed from one end of a network to the other, ensuring that the data arrives correctly.</definition> <topic>internet</topic> <topic>computers and networks</topic></entry> <entry> <sort>transmission media</sort> <term>transmission media</term> <definition>Materials or substances capable of carrying one or more signals in a communications channel.</definition> <topic>internet</topic> </entry> <entry> <sort>trojan horse</sort> <term>Trojan horse</term> <definition>A virus that hides within or looks like a legitimate program. Unlike a virus or worm, a Trojan horse does not replicate itself to other computers.</definition> <topic>privacy and security</topic> </entry><entry> <sort>trusted source</sort> <term>trusted source</term> <definition>A company or person you believe will not send a virus-infected file knowingly.</definition> <topic>privacy and security</topic> </entry><entry> <sort>tuple</sort> <term>tuple</term> <definition>A row in a database.</definition> <topic>databases</topic> </entry> <entry> <sort>unicode</sort> <term>Unicode</term> <definition>16-bit coding scheme that has the capability of representing more than 65,000 characters and symbols.</definition> <topic>computers and networks</topic> </entry> <entry> <sort>uniform resource locator (URL)</sort> <term>Uniform Resource Locator (URL)</term> <definition>A scheme for referencing the specific location of a resource.</definition> <topic>structured documents and XML</topic> </entry> <entry> <sort>useful information</sort> <term>useful information</term> <definition>Has meaning to the person who receives it.</definition> <topic>databases</topic> </entry> <entry> <sort>user</sort> <term>user</term> <definition>Anyone who communicates with a computer or utilizes the information it generates.</definition> <topic>computers and networks</topic> </entry> <entry> <sort>user-centered design</sort> <term>user-centered design</term> <definition></definition> <topic>information retrieval</topic> </entry> <entry> <sort>utility program</sort> <term>utility program</term> <definition>Type of system software that allows a user to perform maintenance-type tasks usually related to managing a computer, its devices, or its programs. See from utility.</definition> <topic>computers and networks</topic> </entry> <entry> <sort>utility</sort> <term>utility</term> <definition>See utility program.</definition> <topic>computers and networks</topic> </entry> <entry> <sort>validation</sort> <term>validation</term> <definition>The process of comparing data with a set of rules or values to find out if the data is correct.</definition> <topic>databases</topic> </entry> <entry> <sort>var</sort> <term>var</term> <definition>An instruction which declares a variable in JavaScript.</definition> <topic>programming</topic> </entry> <entry> <sort>vector </sort> <term>vector </term> <definition>A type of image composed of mathematical curves, describing how to draw the image.</definition> <topic>multimedia</topic> </entry> <entry> <sort>verifiable information</sort> <term>verifiable information</term> <definition>Can be proven as correct or incorrect.</definition> <topic>databases</topic> </entry> <entry> <sort>virtual private network (VPN)</sort> <term>virtual private network (VPN)</term> <definition>A network that uses the public infrastructure but maintains privacy through access control or encryption.</definition> <topic>computers and networks</topic> </entry> <entry> <sort>virus hoax</sort> <term>virus hoax</term> <definition>An e-mail message that warns users of a nonexistent virus, worm, or Trojan horse.</definition> <topic>privacy and security</topic> </entry><entry> <sort>virus signature</sort> <term>virus signature</term> <definition>A known specific pattern of virus code security.</definition> <topic>privacy and security</topic> </entry><entry> <sort>visual affordance</sort> <term>visual affordance</term> <definition>A design concept stating that the fundamental properties of an object determine how it is used.</definition> <topic>interacting with users</topic> </entry> <entry> <sort>visual programming language</sort> <term>visual programming language</term> <definition>A language that provides a visual or graphical interface for creating source code.</definition> <topic>programming</topic> </entry> <entry> <sort>volatile memory</sort> <term>volatile memory</term> <definition>Type of memory that loses its contents when a computer's power is turned off.</definition> <topic>computers and networks</topic> </entry> <entry> <sort>waterfall model</sort> <term>waterfall model</term> <definition>A development model which stresses upfront investment in needs analysis and design</definition> <topic>building and deploying systems</topic> </entry> <entry> <sort>web application</sort> <term>web application</term> <definition>Application software that exists on a Web site.</definition> <topic>computers and networks</topic> </entry> <entry> <sort>wide area network (WAN)</sort> <term>wide area network (WAN)</term> <definition>Network that covers a large geographic area (such as a city, country, or the world) using a communications channel that combines many types of media such as telephone lines, cables, and radio waves.</definition> <topic>internet</topic> </entry> <entry> <sort>word size</sort> <term>word size</term> <definition>Number of bits a computer can interpret and execute at a given time.</definition> <topic>computers and networks</topic> </entry> <entry> <sort>worldwide web</sort> <term>Worldwide Web</term> <definition>Worldwide collection of electronic documents called Web pages, the Web is one of the more popular services on the Internet.</definition> <topic>internet</topic> </entry> <entry> <sort>worm</sort> <term>worm</term> <definition>A virus that copies itself repeatedly, using up resources and possibly shutting down the computer or network.</definition> <topic>privacy and security</topic> </entry><entry> <sort>writing</sort> <term>writing</term> <definition>Process of transferring data, instructions and information from memory to a storage medium.</definition> <topic>storage media</topic> </entry> <entry> <sort>xhtml</sort> <term>XHTML</term> <definition>Just like HTML, but based on XML rules to support integration of different data in the same document.</definition> <topic>structured documents and XML</topic> </entry> <entry> <sort>xml</sort> <term>XML (eXtensible Markup Language)</term> <definition>A standard for exchanging structured data.</definition> <topic>structured documents and XML</topic> </entry> <entry> <sort>xslt</sort> <term>XSLT (eXtensible Stylesheet Language Transformations)</term> <definition>Language for converting one XML document into another.</definition> <topic>structured documents and XML</topic></entry> </glossary>