<?xml version="1.0" encoding="ISO-8859-1"?><?xml-stylesheet type="text/xsl" href="internet.xsl"?><glossary><title>Topic: Internet</title><entry>	<sort>latency</sort> 	<term>latency</term> 	<definition>The time it takes a signal to travel from one location to another on a network.</definition> 	<topic>internet</topic> 	<topic>computers and networks</topic></entry><entry>	<sort>local area network (LAN)</sort> 	<term>local area network (LAN)</term> 	<definition>Network that connects computers and devices in a limited geographical area such as a home, school computer laboratory, office building, or closely positioned group of buildings.</definition> 	<topic>internet</topic> 	<topic>computers and networks</topic></entry><entry>	<sort>receiving device</sort> 	<term>receiving device</term> 	<definition>Device that accepts the transmission of data, instructions, or information.</definition> 	<topic>internet</topic> 	<topic>computers and networks</topic></entry><entry>	<sort>sending device</sort> 	<term>sending device</term> 	<definition>Device that initiates instructions to transmit data, instructions, or information.</definition> 	<topic>internet</topic> 	<topic>computers and networks</topic></entry><entry>	<sort>server</sort> 	<term>server</term> 	<definition>Computer that controls access to the hardware, software, and other resources on a network and provides a centralized storage area for programs, data, and information.</definition> 	<topic>internet</topic> 	<topic>computers and networks</topic></entry><entry>	<sort>transmission control protocol/Internet Protocol (TCP/IP)</sort> 	<term>Transmission Control Protocol/Internet Protocol (TCP/IP)</term> 	<definition>Network standard, specifically a protocol, that defines how messages (data) are routed from one end of a network to the other, ensuring that the data arrives correctly.</definition> 	<topic>internet</topic> 	<topic>computers and networks</topic></entry><entry>	<sort>image map</sort> 	<term>image map</term> 	<definition>A graphical image that points to a Web address.</definition> 	<topic>internet</topic> </entry>	<entry>	<sort>groupware</sort> 	<term>groupware</term> 	<definition>Software that helps groups of people work together on projects and share information over a network.</definition> 	<topic>internet</topic> </entry>	<entry>	<sort>hypertext markup language (HTML)</sort> 	<term>hypertext markup language (HTML)</term> 	<definition>A subset of standard generalized markup language used to author web pages. HTML specifies how text is formatted in web browsers.</definition> 	<topic>internet</topic> </entry>	<entry>	<sort>modem</sort> 	<term>modem</term> 	<definition>Communications device that converts a computer's digital signals to analog signals.</definition> 	<topic>internet</topic> </entry>	<entry>	<sort>transmission media</sort> 	<term>transmission media</term> 	<definition>Materials or substances capable of carrying one or more signals in a communications channel.</definition> 	<topic>internet</topic> </entry>	<entry>	<sort>wide area network (WAN)</sort> 	<term>wide area network (WAN)</term> 	<definition>Network that covers a large geographic area (such as a city, country, or the world) using a communications channel that combines many types of media such as telephone lines, cables, and radio waves.</definition> 	<topic>internet</topic> </entry>	<entry>	<sort>worldwide web</sort> 	<term>Worldwide Web</term> 	<definition>Worldwide collection of electronic documents called Web pages, the Web is one of the more popular services on the Internet.</definition> 	<topic>internet</topic> </entry>	<entry>	<sort>absolute path</sort> 	<term>absolute path</term> 	<definition>A complete pathname that is independent of the current file location. Includes the root directory of a file or complete URL of a web page.</definition> 	<topic>computers and networks</topic> 	<topic>internet</topic></entry><entry>	<sort>bandwidth</sort> 	<term>bandwidth</term> 	<definition>The amount of data that can travel over a communications channel in a fixed amount of time.</definition> 	<topic>computers and networks</topic> 	<topic>internet</topic></entry><entry>	<sort>broadband</sort> 	<term>broadband</term> 	<definition>Type of media that transmits multiple signals simultaneously.</definition> 	<topic>computers and networks</topic> 	<topic>internet</topic></entry><entry>	<sort>firewall</sort> 	<term>firewall</term> 	<definition>A gateway that limits access to a computer on a network, used to prevent unauthorized access.</definition> 	<topic>computers and networks</topic> 	<topic>internet</topic></entry><entry>	<sort>hypertext transfer protocol (HTTP)</sort> 	<term>hypertext transfer protocol (HTTP)</term> 	<definition>A protocol used to transfer files over the Web.</definition> 	<topic>computers and networks</topic> 	<topic>internet</topic></entry><entry>	<sort>internet</sort> 	<term>Internet</term> 	<definition>Worldwide collection of networks that connects millions of businesses, government agencies, educational institutions, and individuals.</definition> 	<topic>computers and networks</topic> 	<topic>internet</topic></entry><entry>	<sort>internet protocol (IP) address</sort> 	<term>internet protocol (IP) address</term> 	<definition>A number that identifies each connection to a network. It takes the form of four numbers separated by periods.</definition> 	<topic>computers and networks</topic> 	<topic>internet</topic></entry><entry>	<sort>relative path</sort> 	<term>relative path</term> 	<definition>A partial path that is relative to the current file location.</definition> 	<topic>computers and networks</topic> 	<topic>internet</topic></entry></glossary>