<?xml version="1.0" encoding="ISO-8859-1"?><?xml-stylesheet type="text/xsl" href="multimedia.xsl"?><glossary><title>Topic: Multimedia</title><entry>	<sort>compression</sort> 	<term>compression</term> 	<definition>A reduction in size of a picture so that it takes up fewer bits.</definition> 	<topic>multimedia</topic> </entry>	<entry>	<sort>gif</sort> 	<term>GIF</term> 	<definition>An image compression strategy which converts images to a 256-color palette.</definition> 	<topic>multimedia</topic> </entry>	<entry>	<sort>huffman coding</sort> 	<term>Huffman coding</term> 	<definition>A compression strategy in which fewer bits are used to represent common colors.</definition> 	<topic>multimedia</topic> </entry>	<entry>	<sort>image</sort> 	<term>image</term> 	<definition>A collection of picture elements.</definition> 	<topic>multimedia</topic> </entry>	<entry>	<sort>jpeg</sort> 	<term>JPEG</term> 	<definition>An image compression strategy which uses mathematical curves (discrete cosine transform) to approximate changes in the image.</definition> 	<topic>multimedia</topic> </entry>	<entry>	<sort>lossless data compression</sort> 	<term>lossless data compression</term> 	<definition>A form of compression in which the original image can be reconstructed in exact original form.</definition> 	<topic>multimedia</topic> </entry>	<entry>	<sort>lossy data compression</sort> 	<term>lossy data compression</term> 	<definition>A form of compression in which the original image cannot be reconstructed.</definition> 	<topic>multimedia</topic> </entry>	<entry>	<sort>mp3</sort> 	<term>MP3</term> 	<definition>An audio compression standard that eliminates frequencies that are difficult for humans to hear.</definition> 	<topic>multimedia</topic> </entry>	<entry>	<sort>mpeg</sort> 	<term>MPEG</term> 	<definition>A video compression standard that sends entire images interspersed with alterations to that image.</definition> 	<topic>multimedia</topic> </entry>	<entry>	<sort>raster</sort> 	<term>raster</term> 	<definition>A type of image which is a bitmap and describes the contents of the image.</definition> 	<topic>multimedia</topic> </entry>	<entry>	<sort>run-length encoding</sort> 	<term>run-length encoding</term> 	<definition>A compression strategy in which the number of consecutive pixels of the same color are recorded.</definition> 	<topic>multimedia</topic> </entry>	<entry>	<sort>streaming</sort> 	<term>streaming</term> 	<definition>Playing audio or video on a computer over the Internet.</definition> 	<topic>multimedia</topic> </entry>	<entry>	<sort>vector </sort> 	<term>vector </term> 	<definition>A type of image composed of mathematical curves, describing how to draw the image.</definition> 	<topic>multimedia</topic> </entry>	<entry>	<sort>pixel</sort> 	<term>pixel</term> 	<definition>The smallest element in an electronic image. Short for picture element.</definition> 	<topic>computers and networks</topic> 	<topic>multimedia</topic></entry><entry>	<sort>smil (Synchronized Multimedia Integration Language)</sort> 	<term>SMIL (Synchronized Multimedia Integration Language)</term> 	<definition>Programming language used to integrate multimedia with text, audio, and video using XML.</definition> 	<topic>structured documents and XML</topic> 	<topic>multimedia</topic></entry></glossary>