<?xml version="1.0" encoding="ISO-8859-1"?><?xml-stylesheet type="text/xsl" href="programming.xsl"?><glossary><title>Topic: Programming</title><entry>	<sort>algorithms</sort>	<term>algorithms</term>	<definition>A sequence of well-defined instructions designed to accomplish a certain task.</definition>	<topic>programming</topic>	</entry><entry>	<sort>arrays</sort>	<term>arrays</term>	<definition>A set of elements grouped together.</definition>	<topic>programming</topic>	</entry><entry>	<sort>event</sort>	<term>event</term>	<definition>An action which triggers the execution of code. Examples: onMouseover, onClick.</definition>	<topic>programming</topic>	</entry><entry>	<sort>functions</sort>	<term>functions</term>	<definition>Reusable code for doing a single task which takes in one or more parameters and returns a single value.</definition>	<topic>programming</topic>	</entry><entry>	<sort>procedural programming</sort>	<term>procedural programming</term>	<definition>A programming paradigm which groups instructions into meaningful functions (examples: C, Pascal, Perl).</definition>	<topic>programming</topic>	</entry><entry>	<sort>var</sort>	<term>var</term>	<definition>An instruction which declares a variable in JavaScript.</definition>	<topic>programming</topic>	</entry><entry>	<sort>shareware</sort> 	<term>shareware</term> 	<definition>Copyrighted software distributed at no cost for a trial period.</definition> 	<topic>programming</topic> 	<topic>computers and networks</topic></entry><entry>	<sort>assembly language</sort> 	<term>assembly language</term> 	<definition>The second generation of programming languages in which a programmer write instructions using symbolic instruction codes, or meaningful abbreviations and codes.</definition> 	<topic>programming</topic> </entry>	<entry>	<sort>bug</sort> 	<term>bug</term> 	<definition>A program error.</definition> 	<topic>programming</topic> </entry>	<entry>	<sort>c#</sort> 	<term>C#</term> 	<definition>An object-oriented programming language based on C++ and used for Web applications and XML-based Web services.</definition> 	<topic>programming</topic> </entry>	<entry>	<sort>c++</sort> 	<term>C++</term> 	<definition>An object-oriented programming language that extends the C programming language, often used to develop database and Web applications.</definition> 	<topic>programming</topic> </entry>	<entry>	<sort>c</sort> 	<term>C</term> 	<definition>Programming language designed for writing systems software, and today used for programs including operating systems and application software.</definition> 	<topic>programming</topic> </entry>	<entry>	<sort>cobol (Common Business-Oriented Language)</sort> 	<term>COBOL (Common Business-Oriented Language)</term> 	<definition>Programming language designed for business applications.</definition> 	<topic>programming</topic> </entry>	<entry>	<sort>code</sort> 	<term>code</term> 	<definition>The programming language used to write a program.</definition> 	<topic>programming</topic> </entry>	<entry>	<sort>compiler</sort> 	<term>compiler</term> 	<definition>A separate program that converts the entire source program into machine language, or an object code, before executing it.</definition> 	<topic>programming</topic> </entry>	<entry>	<sort>computer program</sort> 	<term>computer program</term> 	<definition>A series of instructions that directs a computer to perform tasks.</definition> 	<topic>programming</topic> </entry>	<entry>	<sort>high-level language</sort> 	<term>high-level language</term> 	<definition>A programming language in which each language instruction typically equates to multiple machine instructions.</definition> 	<topic>programming</topic> </entry>	<entry>	<sort>java applet</sort> 	<term>Java applet</term> 	<definition>A small Java program that runs inside another program such as a Web browser.</definition> 	<topic>programming</topic> </entry>	<entry>	<sort>java</sort> 	<term>Java</term> 	<definition>An object-oriented programming language developed by Sun Microsystems.</definition> 	<topic>programming</topic> </entry>	<entry>	<sort>javascript</sort> 	<term>JavaScript</term> 	<definition>An interpreted language that allows a programmer to add dynamic content and interactive elements to a web page.</definition> 	<topic>programming</topic> </entry>	<entry>	<sort>low-level language</sort> 	<term>low-level language</term> 	<definition>A programming language that is machine dependent, or runs on only one particular type of computer.</definition> 	<topic>programming</topic> </entry>	<entry>	<sort>machine language</sort> 	<term>machine language</term> 	<definition>A low-level, first generation programming language, and the only language the computer directly recognizes, consisting of binary digits that correspond to the off and on electrical states of a computer.</definition> 	<topic>programming</topic> </entry>	<entry>	<sort>object-oriented programming (OOP) language</sort> 	<term>object-oriented programming (OOP) language</term> 	<definition>An event driven programming language, such as Java, C++, and C#.</definition> 	<topic>programming</topic> </entry>	<entry>	<sort>open-source</sort> 	<term>open-source</term> 	<definition>Software provided for use, modification, and redistribution.</definition> 	<topic>programming</topic> </entry>	<entry>	<sort>procedural language</sort> 	<term>procedural language</term> 	<definition>Often called a third-generation language, it uses a series of English-like words to write instructions (PRINT means to print) or assigns names to a sequence of instructions called a procedure.</definition> 	<topic>programming</topic> </entry>	<entry>	<sort>programming language</sort> 	<term>programming language</term> 	<definition>A set of words, symbols, and codes that enables a programmer to communicate instructions to a computer.</definition> 	<topic>programming</topic> </entry>	<entry>	<sort>source program</sort> 	<term>source program</term> 	<definition>The program that contains the language instructions, or code, to be converted to machine language.</definition> 	<topic>programming</topic> </entry>	<entry>	<sort>syntax</sort> 	<term>syntax</term> 	<definition>A set of grammar and rules that specify how to write instructions for a computer program.</definition> 	<topic>programming</topic> </entry>	<entry>	<sort>third-generation language (3GL)</sort> 	<term>third-generation language (3GL)</term> 	<definition>High level programming languages such as C and Java which are designed to be easier for humans to understand than machine or assembly language.</definition> 	<topic>programming</topic> </entry>	<entry>	<sort>visual programming language</sort> 	<term>visual programming language</term> 	<definition>A language that provides a visual or graphical interface for creating source code.</definition> 	<topic>programming</topic> </entry>	<entry>	<sort>conditional</sort>	<term>conditional</term>	<definition>A type of programming control structure in which instructions are contingent on a condition being true.</definition>	<topic>programming</topic></entry>	<entry>	<sort>iteration</sort>	<term>iteration</term>	<definition>A type of programming control structure in which instructions are repeated until a condition is met.</definition>	<topic>programming</topic></entry>	<entry>	<sort>cgi (common gateway interface)</sort>	<term>CGI (Common Gateway Interface)</term>	<definition>A technology used in web servers to generate a web page in response to a user input.</definition>	<topic>computers and networks</topic> 	<topic>programming</topic></entry></glossary>