<?xml version="1.0" encoding="ISO-8859-1"?><?xml-stylesheet type="text/xsl" href="storage.xsl"?><glossary><title>Topic: Storage Media</title><entry>	<sort>storage device</sort> 	<term>storage device</term> 	<definition>Hardware used to record (write and/or read) items to and from storage media.</definition> 	<topic>storage media</topic> 	<topic>computers and networks</topic></entry><entry>	<sort>storage medium</sort> 	<term>storage medium</term> 	<definition>The physical material on which a computer keeps data, instructions and information.</definition> 	<topic>storage media</topic> 	<topic>computers and networks</topic> </entry><entry>	<sort>backup</sort> 	<term>backup</term> 	<definition>Duplicate or copy of a file, program, or disk that can be used if the original is lost, damaged or destroyed.</definition> 	<topic>storage media</topic> </entry>	<entry>	<sort>buffer</sort> 	<term>buffer</term> 	<definition>See disk cache.</definition> 	<topic>storage media</topic> </entry>	<entry>	<sort>burning</sort> 	<term>burning</term> 	<definition>Process of writing on an optical disc.</definition> 	<topic>storage media</topic> </entry>	<entry>	<sort>capacity</sort> 	<term>capacity</term> 	<definition>The number of bytes (characters) a storage medium can hold.</definition> 	<topic>storage media</topic> </entry>	<entry>	<sort>direct access</sort> 	<term>direct access</term> 	<definition>See random access.</definition> 	<topic>storage media</topic> </entry>	<entry>	<sort>disk cache</sort> 	<term>disk cache</term> 	<definition>Memory chips on a hard disk that store frequently accessed items such as data, instructions and information. Also called a buffer.</definition> 	<topic>storage media</topic> </entry>	<entry>	<sort>external hard disk</sort> 	<term>external hard disk</term> 	<definition>Separate freestanding hard disk that connects with a cable to a USB port of FireWire port on the system unit.</definition> 	<topic>storage media</topic> </entry>	<entry>	<sort>flash memory</sort> 	<term>flash memory</term> 	<definition>Type of non-volatile memory that can be erased electronically and rewritten.</definition> 	<topic>storage media</topic> </entry>	<entry>	<sort>floppy disk</sort> 	<term>floppy disk</term> 	<definition>Portable storage medium that consists of a thin, circular flexible plastic Mylar film with a magnetic coating, enclosed in a square shaped plastic shell.</definition> 	<topic>storage media</topic> </entry>	<entry>	<sort>formatting</sort> 	<term>formatting</term> 	<definition>Process of dividing a disk into tracks and sectors so the operating system can store and locate data and information on the disk.</definition> 	<topic>storage media</topic> </entry>	<entry>	<sort>hard copy</sort> 	<term>hard copy</term> 	<definition>Printed information that exists physically and is a more permanent form of output than that presented on a display device (soft copy).</definition> 	<topic>storage media</topic> </entry>	<entry>	<sort>hard disk</sort> 	<term>hard disk</term> 	<definition>Type of storage device that contains one or more inflexible, circular platters that store data, instructions and information.</definition> 	<topic>storage media</topic> </entry>	<entry>	<sort>magnetic disk</sort> 	<term>magnetic disk</term> 	<definition>Storage medium that uses magnetic particles to store items such as data, instructions and information on a disk's surface.</definition> 	<topic>storage media</topic> </entry>	<entry>	<sort>optical character recognition (OCR)</sort> 	<term>optical character recognition (OCR)</term> 	<definition>Optical reader technology that involves reading typewritten, computer-printed or hand-printed characters from ordinary documents and translating the images to a form that a computer can process.</definition> 	<topic>storage media</topic> </entry>	<entry>	<sort>optical disc</sort> 	<term>optical disc</term> 	<definition>Type of storage medium that consists of a flat, round, portable disc made of metal, plastic and lacquer that is written on and read by a laser.</definition> 	<topic>storage media</topic> </entry>	<entry>	<sort>random access</sort> 	<term>random access</term> 	<definition>Type of data access in which the storage device can locate a particular data item or file immediately, without having to move consecutively through items stored in front of the desired data item or file.</definition> 	<topic>storage media</topic> </entry>	<entry>	<sort>reading</sort> 	<term>reading</term> 	<definition>Process of transferring data, instructions and information from a storage medium into memory.</definition> 	<topic>storage media</topic> </entry>	<entry>	<sort>refresh rate</sort> 	<term>refresh rate</term> 	<definition>The number of times per second a monitor redraws an image on the screen.</definition> 	<topic>storage media</topic> </entry>	<entry>	<sort>ripping</sort> 	<term>ripping</term> 	<definition>Process of copying an individual song from a purchased audio CD and converting it to a digital format.</definition> 	<topic>storage media</topic> </entry>	<entry>	<sort>sectors</sort> 	<term>sectors</term> 	<definition>The small arcs into which tracks on a disk are divided.</definition> 	<topic>storage media</topic> </entry>	<entry>	<sort>sequential access</sort> 	<term>sequential access</term> 	<definition>Type of data access in which the storage device reads or writes data consecutively.</definition> 	<topic>storage media</topic> </entry>	<entry>	<sort>solid-state media</sort> 	<term>solid-state media</term> 	<definition>Term used to refer to components that consist entirely of electronic components and contain no moving parts.</definition> 	<topic>storage media</topic> </entry>	<entry>	<sort>source document</sort> 	<term>source document</term> 	<definition>Document that contains the original form of data to be processed.</definition> 	<topic>storage media</topic> </entry>	<entry>	<sort>tape</sort> 	<term>tape</term> 	<definition>Magnetically coated ribbon of plastic capable of storing large amounts of data and information at a low cost.</definition> 	<topic>storage media</topic> </entry>	<entry>	<sort>transfer rate</sort> 	<term>transfer rate</term> 	<definition>The speed at which data, instructions and information transfer to and from a device.</definition> 	<topic>storage media</topic> </entry>	<entry>	<sort>writing</sort> 	<term>writing</term> 	<definition>Process of transferring data, instructions and information from memory to a storage medium.</definition> 	<topic>storage media</topic> </entry>	<entry>	<sort>access time</sort> 	<term>access time</term> 	<definition>Measurement of the amount of time it takes the process to read data, instructions, and information from memory.</definition> 	<topic>computers and networks</topic> 	<topic>storage media</topic></entry></glossary>