<?xml version="1.0" encoding="ISO-8859-1"?><?xml-stylesheet type="text/xsl" href="databases.xsl"?><glossary><title>Topic: Databases and Information Retrieval</title><entry>	<sort>information</sort> 	<term>information</term> 	<definition>Processed data that is organized, meaningful, and useful, including documents, audio, images, and video.</definition> 	<topic>databases</topic> 	<topic>computers and networks</topic></entry><entry>	<sort>1-to-1</sort> 	<term>1-to-1</term> 	<definition>Database relationship in which one instance of entity A is associated with one instance of entity B.</definition> 	<topic>databases</topic> </entry>	<entry>	<sort>1-to-many</sort> 	<term>1-to-many</term> 	<definition>Database relationship in which one instance of entity A can correspond to many instances of entity B, but an instance of B can correspond to only one A , for example, a grade has many students, but each student is in only one grade.</definition> 	<topic>databases</topic> </entry>	<entry>	<sort>accessible information</sort> 	<term>accessible information</term> 	<definition>Is available when the decision-maker needs it.</definition> 	<topic>databases</topic> </entry>	<entry>	<sort>attribute</sort> 	<term>attribute</term> 	<definition>A named field in a database, also a column.</definition> 	<topic>databases</topic> </entry><entry>	<sort>concurrency</sort> 	<term>concurrency</term> 	<definition>Database issue that arises when multiple people have shared access to the same database</definition> 	<topic>databases</topic> </entry><entry>	<sort>cost-effective (information)</sort> 	<term>cost-effective (information)</term> 	<definition>Gives more value than it costs to produce.</definition> 	<topic>databases</topic> </entry><entry>	<sort>data entry form</sort> 	<term>data entry form</term> 	<definition>A window that provides areas for entering or changing data in a database.</definition> 	<topic>databases</topic> </entry><entry>	<sort>data file</sort> 	<term>data file</term> 	<definition>A collection of related records stored on a storage medium such as a hard disk, CD, or DVD.</definition> 	<topic>databases</topic> </entry><entry>	<sort>data integrity</sort> 	<term>data integrity</term> 	<definition>The quality of the data, i.e., the quantity of errors.</definition> 	<topic>databases</topic> </entry><entry>	<sort>data mining</sort> 	<term>data mining</term> 	<definition>Finding patterns and relationship s among data.</definition> 	<topic>databases</topic> </entry><entry>	<sort>data model</sort> 	<term>data model</term> 	<definition>Rules and standards that define how a database organizes data.</definition> 	<topic>databases</topic> </entry><entry>	<sort>data type</sort> 	<term>data type</term> 	<definition>The kind of data a field can contain, such as text (alphanumeric), numeric, date</definition> 	<topic>databases</topic> </entry><entry>	<sort>data warehouse</sort> 	<term>data warehouse</term> 	<definition>A huge database that stores and manages the data required to analyze historical and current transactions.</definition> 	<topic>databases</topic> </entry><entry>	<sort>database management system (DBMS)</sort> 	<term>database management system (DBMS)</term> 	<definition>Application software that allows users to create, access, and manage a database (i.e., Microsoft Access).</definition> 	<topic>databases</topic> </entry><entry>	<sort>database</sort> 	<term>database</term> 	<definition>A collection of data organized in a manner that allows access, retrieval, and use of that data, or a large, integrated collection of data organized to support access which models some aspects of reality.</definition> 	<topic>databases</topic> </entry><entry>	<sort>deep web</sort> 	<term>deep web</term> 	<definition>That part of the Web which is not indexed by search engines because its pages are generated in response to queries and are not linked to other pages.</definition> 	<topic>databases</topic> </entry><entry>	<sort>field name</sort> 	<term>field name</term> 	<definition>A unique identifier for each field in a database.</definition> 	<topic>databases</topic> </entry><entry>	<sort>field size</sort> 	<term>field size</term> 	<definition>The maximum number of characters a field can contain.</definition> 	<topic>databases</topic> </entry><entry>	<sort>field</sort> 	<term>field</term> 	<definition>An "atomic" unit of data.</definition> 	<topic>databases</topic> </entry><entry>	<sort>foreign key</sort> 	<term>foreign key</term> 	<definition>A field in a relational database that matches the primary key of another table.</definition> 	<topic>databases</topic> </entry><entry>	<sort>join</sort> 	<term>join</term> 	<definition>In SQL, associates records from two tables so information can be retrieved.</definition> 	<topic>databases</topic> </entry><entry>	<sort>log</sort> 	<term>log</term> 	<definition>A listing of activities that change the contents of the database.</definition> 	<topic>databases</topic> </entry><entry>	<sort>many-to-many</sort> 	<term>many-to-many</term> 	<definition>A type of database relationship in which multiple matches are possible between items A and B and between B and A.</definition> 	<topic>databases</topic> </entry><entry>	<sort>normalization</sort> 	<term>normalization</term> 	<definition>A process of organizing a database to remove ambiguous relationships between data and minimize data redundancy.</definition> 	<topic>databases</topic> </entry><entry>	<sort>object-oriented database (OODB)</sort> 	<term>object-oriented database (OODB)</term> 	<definition>Stores data in objects, items that contain data, and actions that read or process that data</definition> 	<topic>databases</topic> </entry><entry>	<sort>organized information</sort> 	<term>organized information</term> 	<definition>Arranged to suit the needs and requirements of the decision maker.</definition> 	<topic>databases</topic> </entry><entry>	<sort>primary key</sort> 	<term>primary key</term> 	<definition>In a relational database, a column or set of columns that uniquely identifies each record in a field.</definition> 	<topic>databases</topic> </entry><entry>	<sort>project</sort> 	<term>project</term> 	<definition>In SQL, specifies a subset of columns from which information will be retrieved</definition> 	<topic>databases</topic> </entry><entry>	<sort>query language</sort> 	<term>query language</term> 	<definition>Simple, English-like statements that allow users to specify the data to display, print, or store.</definition> 	<topic>databases</topic> </entry><entry>	<sort>query</sort> 	<term>query</term> 	<definition>A request for specific data from the database.</definition> 	<topic>databases</topic> </entry><entry>	<sort>record</sort> 	<term>record</term> 	<definition>A collection of related fields.</definition> 	<topic>databases</topic> </entry><entry>	<sort>recovery utility</sort> 	<term>recovery utility</term> 	<definition>Uses logs and/or backups to restore a destroyed or damaged database.</definition> 	<topic>databases</topic> </entry><entry>	<sort>relational database</sort> 	<term>relational database</term> 	<definition>A database that stores data in tables that consist of rows and columns.</definition> 	<topic>databases</topic> </entry><entry>	<sort>relationship</sort> 	<term>relationship</term> 	<definition>A connection within the data.</definition> 	<topic>databases</topic> </entry><entry>	<sort>restrict</sort> 	<term>restrict</term> 	<definition>In SQL, retrieves only records matching particular criteria.</definition> 	<topic>databases</topic> </entry><entry>	<sort>structured query language (SQL)</sort> 	<term>Structured Query Language (SQL)</term> 	<definition>A query language that allows users to manage, update, and retrieve data, using special keywords and rules that users include in SQL statements.</definition> 	<topic>databases</topic> </entry>		<entry>	<sort>surface web</sort> 	<term>surface web</term> 	<definition>That part of the Web which is indexed by search engines.</definition> 	<topic>databases</topic> </entry>		<entry>	<sort>table</sort> 	<term>table</term> 	<definition>A collection of related records.</definition> 	<topic>databases</topic> </entry>		<entry>	<sort>timely information</sort> 	<term>timely information</term> 	<definition>Has a deadline or time period suited to its use.</definition> 	<topic>databases</topic> </entry>		<entry>	<sort>tuple</sort> 	<term>tuple</term> 	<definition>A row in a database.</definition> 	<topic>databases</topic> </entry>		<entry>	<sort>useful information</sort> 	<term>useful information</term> 	<definition>Has meaning to the person who receives it.</definition> 	<topic>databases</topic> </entry>		<entry>	<sort>validation</sort> 	<term>validation</term> 	<definition>The process of comparing data with a set of rules or values to find out if the data is correct.</definition> 	<topic>databases</topic> </entry>		<entry>	<sort>verifiable information</sort> 	<term>verifiable information</term> 	<definition>Can be proven as correct or incorrect.</definition> 	<topic>databases</topic> </entry>		<entry>	<sort>acid properties</sort>	<term>ACID properties</term>	<definition>Basic properties of a database management system which allow safe sharing of information: Atomicity, Consistency, Isolation, and Durability.</definition>	<topic>databases</topic></entry>		<entry>	<sort>data</sort> 	<term>data</term> 	<definition>Pieces of information, including text, numbers, images, audio, and video.</definition> 	<topic>computers and networks</topic> 	<topic>databases</topic></entry>	<entry>	<sort>boolean retrieval</sort>	<term>Boolean retrieval</term>	<definition>A retrieval system using Boolean operators (AND, OR, NOT) which can be accurate and efficient, but sometimes returns nonexistent relationships.</definition>	<topic>information retrieval</topic>	</entry>	<entry>	<sort>information overload</sort>	<term>information overload</term>	<definition>A phrase coined after World War II to describe the challenges resulting from a rapid increase in scientific progress and scientific publications.</definition>	<topic>information retrieval</topic>	</entry>	<entry>	<sort>ranked retrieval</sort>	<term>ranked retrieval</term>	<definition>A retrieval system which assigns each returned documents a relevance ranking and places the most relevant first.t</definition>	<topic>information retrieval</topic>	</entry>	<entry>	<sort>user-centered design</sort>	<term>user-centered design</term>	<definition></definition>	<topic>information retrieval</topic>	</entry>	<entry>	<sort>data retrieval</sort>	<term>Data retrieval</term>	<definition>In the context of an IR system, consists mainly of determining which documents of a collection contain the keywords in the user query which, most frequently, is not enough to satisfy the user information need.</definition>	<topic>information retrieval</topic>		</entry><entry>	<sort>information retrieval (IR) </sort>	<term>Information retrieval (IR) </term>	<definition>Deals with the representation, storage, organization of, and access to information items. The representation and organization of the information items should provide the user with easy access to the information in which he is interested.</definition>	<topic>information retrieval</topic>		</entry><entry>	<sort>ad hoc retrieval</sort>	<term>ad hoc retrieval</term>	<definition>Search type seeking documents "about this."</definition>	<topic>information retrieval</topic></entry>		<entry>	<sort>known item search</sort>	<term>known item search</term>	<definition>Search type concerned with locating an item known to exist</definition>	<topic>information retrieval</topic></entry>	<entry>	<sort>memex machine</sort>	<term>Memex machine</term>	<definition>Conceived by Vannevar Bush and foreshadowing development of hypertext and information retrieval.</definition>	<topic>information retrieval</topic></entry>	<entry>	<sort>precision</sort>	<term>precision</term>	<definition>The fraction of results retrieved by the search which are relevant. A measure of the search's success.</definition>	<topic>information retrieval</topic></entry>	<entry>	<sort>prospective searches</sort>	<term>prospective searches</term>	<definition>A type of search in which a static query is matched against newly-updated documents. Example: filter on incoming email.</definition>	<topic>information retrieval</topic></entry>	<entry>	<sort>recall</sort>	<term>recall</term>	<definition>The fraction of relevant results which were returned by the search, out of all relevant results. A measure of the search's success.</definition>	<topic>information retrieval</topic></entry>	<entry>	<sort>relevance</sort>	<term>relevance</term>	<definition>A measure of the effectiveness of the results returned by a search.</definition>	<topic>information retrieval</topic></entry>	</glossary>