<?xml version="1.0" encoding="ISO-8859-1"?><?xml-stylesheet type="text/xsl" href="retrieval.xsl"?><glossary><title>Topic: Information Retrieval</title><entry>	<sort>boolean retrieval</sort>	<term>Boolean retrieval</term>	<definition>A retrieval system using Boolean operators (AND, OR, NOT) which can be accurate and efficient, but sometimes returns nonexistent relationships.</definition>	<topic>information retrieval</topic>	</entry>	<entry>	<sort>information overload</sort>	<term>information overload</term>	<definition>A phrase coined after World War II to describe the challenges resulting from a rapid increase in scientific progress and scientific publications.</definition>	<topic>information retrieval</topic>	</entry>	<entry>	<sort>ranked retrieval</sort>	<term>ranked retrieval</term>	<definition>A retrieval system which assigns each returned documents a relevance ranking and places the most relevant first.t</definition>	<topic>information retrieval</topic>	</entry>	<entry>	<sort>user-centered design</sort>	<term>user-centered design</term>	<definition></definition>	<topic>information retrieval</topic>	</entry>	<entry>	<sort>data retrieval</sort>	<term>Data retrieval</term>	<definition>In the context of an IR system, consists mainly of determining which documents of a collection contain the keywords in the user query which, most frequently, is not enough to satisfy the user information need.</definition>	<topic>information retrieval</topic>		</entry><entry>	<sort>information retrieval (IR) </sort>	<term>Information retrieval (IR) </term>	<definition>Deals with the representation, storage, organization of, and access to information items. The representation and organization of the information items should provide the user with easy access to the information in which he is interested.</definition>	<topic>information retrieval</topic>		</entry><entry>	<sort>ad hoc retrieval</sort>	<term>ad hoc retrieval</term>	<definition>Search type seeking documents "about this."</definition>	<topic>information retrieval</topic></entry>		<entry>	<sort>known item search</sort>	<term>known item search</term>	<definition>Search type concerned with locating an item known to exist</definition>	<topic>information retrieval</topic></entry>	<entry>	<sort>memex machine</sort>	<term>Memex machine</term>	<definition>Conceived by Vannevar Bush and foreshadowing development of hypertext and information retrieval.</definition>	<topic>information retrieval</topic></entry>	<entry>	<sort>precision</sort>	<term>precision</term>	<definition>The fraction of results retrieved by the search which are relevant. A measure of the search's success.</definition>	<topic>information retrieval</topic></entry>	<entry>	<sort>prospective searches</sort>	<term>prospective searches</term>	<definition>A type of search in which a static query is matched against newly-updated documents. Example: filter on incoming email.</definition>	<topic>information retrieval</topic></entry>	<entry>	<sort>recall</sort>	<term>recall</term>	<definition>The fraction of relevant results which were returned by the search, out of all relevant results. A measure of the search's success.</definition>	<topic>information retrieval</topic></entry>	<entry>	<sort>relevance</sort>	<term>relevance</term>	<definition>A measure of the effectiveness of the results returned by a search.</definition>	<topic>information retrieval</topic></entry>	</glossary>