<?xml version="1.0" encoding="ISO-8859-1"?>


<?xml-stylesheet type="text/xsl" href="compareb.xsl"?>




<countries>



<country>
<name>Eritrea
</name>

<funfacts>
	<fact1> Eritrean women enjoy a certain level of liberation and equality that is not commonly found in other 	religiously conservative, African coutries. This stems primarily from the fact that women made large 	contributions to the war effort against Ethiopia that won Eritrea its recent independence.</fact1>
   	<fact2> The name Eritrea is said to come from the Greek word etythrea, which means red and it is a reference 	to the Red Sea next to which Eritrea is located. </fact2>
  	<fact3> Eritrea's most recent civil unrest, which began in 1998, exploded fromm a single incident involving 	the president of Eritrea and prime minister of Ethiopia over a small stretch of land.</fact3>
</funfacts>
</country>

<country>
<name>Iceland
</name>

<funfacts>
   	<fact1> Icelandic is not too different from the Old Norse language.  Because of this fact, Icelanders are 	able to read the famous Old Norse epics of their country in the original language fairly easily.  They also 	work to preserve their language by creating words for foreign objects, rather than incorporating loan words 	for such things.</fact1>
   	<fact2> No surnames are used in Iceland.  Instead, they use their father's name with the suffix dottir ('son of').</fact2>
   	<fact3> Most Icelanders have a Nordic background, while a smaller percentage are Celtic by descent.  Studies of medical problems found in extremely homogeneous people are often conducted here.</fact3>
	</funfacts>
</country>



<country>
<name>Morocco
</name>

<funfacts>
	<fact1>Morocco was the first African country to play in World Cup competition.</fact1>
	<fact2>Casablanca is the third largest city in Africa after Lagos, Nigeria and Cairo, Egypt.</fact2>
	<fact3>Over 60 percent of the population is under 30 years old.</fact3>
</funfacts>
</country>

</countries>
