<?xml version="1.0" encoding="ISO-8859-1"?>


<?xml-stylesheet type="text/xsl" href="compared.xsl"?>




<countries>



<country>
<name>Eritrea
</name>


<protocol> 
		<norm1>Many Eritrean customs are similar to those in neighbooring Ethiopia. For example, surnames are 		hardly used in both countries. So when introducing yourself, only give your first name. Address 			others by their first names as well.</norm1>
        	<norm2> Proper etiquette dictates that as a foreigner, you are to shake hands anytime you enter a 			room; even if it is full of people!</norm2>
        	<never1>It is impolite to ask an Eritrean his ethnic orgin (note: the Eritrean population is made up 			of nine different ethnic groups), his religion and weather or not he fought in the war for 				independence from Ethiopia.</never1>
        	<never2>In this very conservative country, couples of the opposite sex never engage in public 				displays of affection. </never2>

</protocol>
</country>

<country>
<name>Iceland
</name>

<protocol>
        <norm1>In greeting, some Icelanders will kiss each other on the cheek.</norm1>
        <norm2>Icelanders often invite others to their home to meet, rather than taking them out to a restaurant.  If 	it is your first time to visit someone, it is courtesy to bring a gift of flowers or a small present for the 		family. Also, most remove their shoes before entering the main part of the home.</norm2>
        <never1>Do not make fun of an Icelander who is superstitious or believes in mythological creatures.  Many 	still hold such beliefs as a part of their Nordic heritage.</never1>
        <never2>Do not adress others formally, unless it is either the President or Bishop of Iceland.</never2>
    </protocol>
</country>




<country>
<name>Morocco
</name>


<protocol> 
		<norm1>Traditionally food is eaten without utensils, using the right hand. </norm1>
		<norm2> As a house guest, one should eat what is offered. </norm2>
		<never1>Never eat food with the left hand because that hand is considered unclean. </never1>

		</protocol>
</country>

</countries>
