<?xml version="1.0" encoding="ISO-8859-1"?>


<?xml-stylesheet type="text/xsl" href="comparee.xsl"?>




<countries>



<country>
<name>Eritrea
</name>

<fashion>
        
        <clothingm1> Gabi - a white, cotton, light toga worn by local men</clothingm1>
    <clothingw1> Zuria</clothingw1>
<jewelry>
        <jeweltype> Eritrean jewelry - including bracelets, earrings, anklets etc. - is usually made of either silver or gold.</jeweltype>
    </jewelry>
</fashion>
</country>

<country>


<name>Iceland
</name>

<fashion>
        
        <clothingm1>Men's traditional clothing is not particularly distinctive.  It is used for Folk dance, but otherwise is not worn.  The costume includes a short buttoned coat, knee-length pants, and a hat with tassle. </clothingm1>
<clothingw1>One type of clothing worn by Icelandic women on holidays is called Upphlutur ('Upper Part').  The vest is decoarted with embroidery, gold thread, and ornaments.  A special hat called a Skotth�fa ('Tail Cap') is worn with this costume.  </clothingw1>
    

    <jewelry>
        <jeweltype>The jewelry of Iceland is most often made of either a copper alloy or gilded silver (page 13).</jeweltype>
    </jewelry>
</fashion>
</country>




<country>
<name>Morocco
</name>


<fashion>
			<clothingm1>Djellaba - long outer robe with a hood and long sleeves. Men where them in 					white.  Turbans and knit caps are worm by men, both are worn close to the head and are 				brimless, so as not to interfere with prayers. Professional men tend to wear turbans while 				villagers wear knit caps.  
			</clothingm1>
			
			
			<clothingw1>Many Moroccan women still dress in traditional styles and wear veils 					(pushi) although some affluent and professional women have begun to wear Western style 					outfits.  The women's version of the djellaba has large pockets and a zippered 					front. Caftan is a traditional women's garment that is a long silk or cotton robe 					that often comes with gold belts and has decorated bands along the edges of the 					garment.</clothingw1>

			
			<jewelry> <jeweltype>Smithing is a very old art form in Morocco. Artisans are known for intricate 					designs in silver and gold jewelry.</jeweltype></jewelry>
		</fashion>
</country>

</countries>
