<?xml version="1.0" encoding="ISO-8859-1"?>


<?xml-stylesheet type="text/xsl" href="comparea.xsl"?>




<countries>



<country>
<name>Eritrea
</name>

<food> 
   <natdish>Ijera (a flat pancake-like bread present at most meals); Wat (stewed meat usually lamb, sometimes beef or 	goat)</natdish>
   <natdrink> The most commonly consumed drinks in Eritrea are plain tea and coffee, cappucino and 	machiatto.</natdrink>
</food>
</country>

<country>
<name>Iceland
</name>

<food> 
   <natdish>Hakarl (putrified shark)</natdish>
   <natdrink> Brenniv�n ("Black Death") which is made from potatoes and caraway flavoring.</natdrink>
</food>

</country>



<country>
<name>Morocco
</name>

<food> 
   <natdish>Couscous</natdish>
   <natdrink>Mint Tea</natdrink>
</food>
</country>

</countries>
