<?xml version="1.0" encoding="ISO-8859-1"?>


<?xml-stylesheet type="text/xsl" href="comparef.xsl"?>




<countries>



<country>
<name>Eritrea
</name>


<demography>
        
        <climate> Eritrea experiences widely varying climatic conditions depending on the region. Coast (Massawa): 86 F; Platueau (Asmara) 62 F with excessive rainfall; rainy summers in the highlands and western lowlands. </climate>
</demography>
</country>

<country>
<name>Iceland
</name>

<demography>
        
        <climate>Summer: 51 F; Winter: 31 F;  temperate, moderate, windy winters and damp summers</climate>
</demography>
</country>




<country>
<name>Morocco
</name>

<demography>
<climate>Morocco generally has two regional climates. The north is warm and temperate while the southern region is semiarid. The North's average temperatures are Winter: 50 F Summer: 90 F. For the South the average temperatures are winter: 70 F and summer 100 F. </climate>
</demography>
</country>

</countries>
