<?xml version="1.0" encoding="ISO-8859-1"?>



<?xml-stylesheet type="text/xsl" href="countrya.xsl"?>









<countries>

<country>

<name>Iceland

</name>



<food> 

   <natdish>Hakarl (putrified shark)</natdish>

   <natdrink> Brenniv�n ("Black Death") which is made from potatoes and caraway flavoring.</natdrink>

</food>



</country>







<country>

<name>COUNTRY

</name>

<food> 

   <natdish>FOOD</natdish>

   <natdrink>DRINK</natdrink>

</food>

</country>







<country>

<name>Croatia

</name>

<food> 

   <natdish>I forget...</natdish>

   <natdrink>Plum brandy</natdrink>

</food>

</country>







<country>

<name>Japan

</name>

<food> 

   <natdish>Sushi</natdish>

   <natdrink>Tea</natdrink>

</food>

</country>

</countries>

