<?xml version="1.0" encoding="ISO-8859-1"?>



<?xml-stylesheet type="text/xsl" href="eritreaa.xsl"?>



<country>
<name>State of Eritrea</name>
<intro1>Welcome to Eritrea, a world within worlds! This small country is located in the horn of Africa and bordered by the Red Sea. The country is comprised of three major geographical regions: the eastern slopes and coastal plains, the central highlands, and the western lowlands.</intro1> 

<intro2>Eritrea has, for centuries, been an entry point into the continent for visitors from many distant lands. Established as an important trade route for such places as Turkey, Egypt, and Italy, Eritrea has been exposed to and influenced by many different cultures. Additionally, Eritrean society is made up of nine different ethnic groups and has been called a "museum of peoples".This fusion of cultures and diversity of ethnicities can be seen in its customs and architecture and it makes Eritrea a varied and intriguing place to visit.</intro2> 

<intro3> Fun things to do in Eritrea include visiting its many architectural sites and archeological ruins rich with history and heritage; snorkeling in the reefs of the Red Sea; and of course, hanging out with the kind, hospitable locals. Continue through the links on the left of this page and find out more about this intriguing place!</intro3>
</country>