<?xml version="1.0" encoding="ISO-8859-1"?>


<?xml-stylesheet type="text/xsl" href="eritreai.xsl"?>


<country>
<funfacts>
   <fact1> Eritrean women enjoy a certain level of liberation and equality that is not commonly found in other religiously conservative, African coutries. This stems primarily from the fact that women made large contributions to the war effort against Ethiopia that won Eritrea its recent independence.</fact1>
   <fact2> The name Eritrea is said to come from the Greek word "etythrea", which means red, and it is a reference to the Red Sea next to which Eritrea is located. </fact2>
   <fact3> Eritrea's most recent civil unrest, which began in 1998, exploded from a single incident involving the president of Eritrea and prime minister of Ethiopia over a small stretch of land.</fact3>
</funfacts>
</country>