<?xml version="1.0" encoding="ISO-8859-1"?>


<?xml-stylesheet type="text/xsl" href="eritreah.xsl"?>


<country>
<attractions>
   <museums>
      <mustype1> The National Museum of Eritrea</mustype1> 
      
   </museums>
   <landmarks>
      <place1> Qo Haito, Himbirti and Hashimile are places to visit to see prehistoric cave paintings. </place1>
      <place2> Aginet, Hudmo, Massawa, and Asmara are good places to visit in order to observe the various architectural styles of Eritrea that reflect, among others, their former Ottomon Turkish, and Italian conquerers.</place2>
   </landmarks>
   <festivals>
      <party1> Timkat or Epiphany (January 19) - A three day religious festival celebrating Christ's baptism. It begins at church and it includes an all night vigil, a ceremony that involves the crowd being splashed with blessed water, and a parade back to the church that includes singing and dancing.  </party1>
      <party2>Meskel or Finding of the True Cross (September 27) is another vibrant religious holiday that also involves singing and dancing. The highlight of this festival is  are the bonfires that take place.</party2>
   </festivals>
   
<holiday>
       <date1> Liberation Day (May 24)</date1>
       <date2> Kiddus Yohannes or Orthodox New Year (September 11) - Similarly to some American celebrations of the new year, new clothes are bought and worn during this time. Families gather and prepare special meals and the traditional game of gugs is sometimes played.</date2>
   </holiday>
   <special>
       
       <beaches> Those who enjoy water activities will find great diving opportunities in the Red Sea off of the coast of the Dahlak Islands near Massawa and near Assab.</beaches>
   </special>
 </attractions>
</country>