<?xml version="1.0" encoding="ISO-8859-1"?>


<?xml-stylesheet type="text/xsl" href="eritreaf.xsl"?>


<country>
<culture>
  <material>

    <artistic>
	<art>
	<decart> Basket weaving and pottery making</decart>
        <painting> Mikael Adonai, Tesfay Gebremikael, Ygzaw Mikael, and Giorgis Abraham are well known modern Eritrean painters. </painting>
</art>

<food> 
<natdish> Taitas (Ethiopian injera)-a flat pancake-like bread present at most meals; Tsebhi (Ethiopian wat)-stewed meat usually lamb, sometimes beef or goat)</natdish>
<natdrink> The most commonly consumed beverage in Eritrea is coffee, and there are even customary greeting ceremonies centered around this drink.</natdrink>
</food>
</artistic>

        <lit> 
            <writer> Woldeab Woldemariam, Alemsegad Tesfai, Solomon Drar, Bruk Habtemikael</writer> 
            <book> Zanta Quedamot (by Woldaeb Woldemariam; a childrens book written to help make learning the alphabet easier; Woldemariam is venerated for fighting againt the suppression of the regions' original languages by its colonizers.) </book> 
        </lit>

        
 
<architecture>
        <buildtype1> Hidmo.  A rectangular structure with dry-stone walls, and earthen roof, supported by wooden pillars.</buildtype1>
        <buildtype2> Huts. Found mostly in the lowlands, these structures are made of adobe, wood, or stone and have thached roofs.</buildtype2>
	<buildtype3> Italian-style buildings can be found througout the capital and the coast.</buildtype3>
    </architecture>
    
<fashion>
        <clothingw1> Zuria</clothingw1>
        <clothingm1> Gabi - a white, cotton, light toga worn by local men</clothingm1>
    
<jewelry>
        <jeweltype> Eritrean jewelry - including bracelets, earrings, anklets etc. - is usually made of either silver or gold.</jeweltype>
    </jewelry>
</fashion>

  </material>
 </culture>
</country>