<?xml version="1.0" encoding="ISO-8859-1"?>


<?xml-stylesheet type="text/xsl" href="eritreae.xsl"?>


<country>
<culture>
  <nonmaterial>
    <religion>
        <faith>Eritrean Orthodox Christianity</faith>
    </religion>
    <language>
        <speak>
            <greet> Selam</greet>
            <greetus> Hello </greetus>
        </speak>
    </language>
    <protocol>
        <norm1> Many Eritrean customs are similar to those in neighbooring Ethiopia. For example, surnames are hardly used in both countries. So when introducing yourself, only give your first name. Address others by their first names as well.</norm1>
        <norm2> Proper etiquette dictates that as a foreigner, you are to shake hands anytime you enter a room; even if it is full of people!</norm2>
        <never1> It is impolite to ask an Eritrean his ethnic origin (note: the Eritrean population is made up of nine different ethnic groups), his religion and weather or not he fought in the war for independence from Ethiopia.</never1>
        <never2> In this very conservative country, couples of the opposite sex (including those who are married) never engage in public displays of affection. </never2>
    </protocol>

  </nonmaterial></culture>
</country>