<?xml version="1.0" encoding="ISO-8859-1"?>


<?xml-stylesheet type="text/xsl" href="eritread.xsl"?>


<country>
<history>
  <currentgov>
     <ruler> President</ruler>
     <govtype> Legislative, The National Assembly of Eritrea</govtype>
  </currentgov>
  <founding> About 1000 BC</founding>
  <firstruler> Historical account of rule in Eritrea begins with the Kingdom of Aksum which was established in 1000 BC and resulted from Semitic people from the kingdom of Sheba migrating across the Red Sea and invading the Cushites on the coast of what is now Eritrea.</firstruler>
  <age> Modern day Eritrea is only 13 years old and it was officially established as an independent nation in 1993.</age>
  <firstname> Aksum </firstname>
</history>
</country>