<?xml version="1.0" encoding="ISO-8859-1"?>


<?xml-stylesheet type="text/xsl" href="eritreab.xsl"?>


<country>

<demography>
  <name> State of Eritrea</name>
  <size> 46, 760 sq. mi.</size>
  <population> (in 2006) 4,786,994</population>
  <ratio><men> 49.75%</men>
  <women> 50.25%</women></ratio>
  <climate> Eritrea experiences widely varying climatic conditions depending on the region. Coast (Massawa): 86 F; Platueau (Asmara) 62 F with excessive rainfall; rainy summers in the highlands and western lowlands.</climate>
  <cities>
    <city1> Asmara</city1>
    <city2> Keren</city2>
  </cities>
</demography>
</country>