<?xml version="1.0" encoding="ISO-8859-1"?>


<?xml-stylesheet type="text/xsl" href="eritreaj.xsl"?>


<country>
<sources>
<source1> Lonely Planet. "Ethiopia, Eritrea, and Djibouti." Australia: Lonely Planet Publications 2000.</source1>


<source2> "Eritrea" Encyclopedia Britannica. 2006. Encyclopaedia Britannica Online. 14 Nov. 2006. </source2>
<source2l>http://www.search.eb.com/eb/article-9108371.</source2l>

<source3> Travel.state.gov 11 Dec.2006. </source3>
<source3l> http://travel.state.gov/travel/cis_pa_tw/cis/cis_1111.html</source3l>

<source4> CDC-Destination: East Africa. 11 Dec. 2006. </source4>
<source4l>http://www.cdc.gov/travel/eafrica.htm#vaccines</source4l>

<source5> The State of Eritrea Ministry of Toursim. 8 Dec. 2006. </source5>
<source5l>http://www.shaebia.org/hatewil/Eritrea_Tourism/Eritrea%20Tourism%20folder/Eritrea%20Tourism/heritage.html</source5l>

</sources>
</country>









