<?xml version="1.0" encoding="ISO-8859-1"?>



<?xml-stylesheet type="text/xsl" href="icelandd.xsl"?>





<country>

<history>

  <currentgov>

     <ruler>President</ruler>

     <govtype>Parliamentary Democracy </govtype>

  </currentgov>

  <founding>874</founding>

  <firstruler>Around 1000, the people of Iceland had formed a ruling body called the Althing, which met in Thingvellir.  This formed the basis of the legislation today. </firstruler>

  <age>62 (Established in 1944)</age>

  <firstname>�sland</firstname>

</history>

</country>