<?xml version="1.0" encoding="ISO-8859-1"?>



<?xml-stylesheet type="text/xsl" href="icelandi.xsl"?>





<country>

<funfacts>

   <fact1> Icelandic is not too different from the Old Norse language.  Because of this fact, Icelanders are able to read the famous Old Norse epics of their country in the original language fairly easily.  They also work to preserve their language by creating words for foreign objects, rather than incorporating loan words for such things.</fact1>

   <fact2> No surnames are used in Iceland.  Instead, they use their father's name with the suffix dottir ('son of').</fact2>

   <fact3> Most Icelanders have a Nordic background, while a smaller percentage are Celtic by descent.  Studies of medical problems found in extremely homogeneous people are often conducted here.</fact3>

</funfacts>

</country>