<?xml version="1.0" encoding="ISO-8859-1"?>



<?xml-stylesheet type="text/xsl" href="icelandf.xsl"?>





<country>

<culture>

  <material>



    <artistic>

	<art>

            <decart>Though Iceland is not traditionally known for its art, there are many fine artists from the country.  One of the most famous painters is Johannes S. Kjarval. Asmunder Sveinsson is a highly-respected sculptor.</decart>

 

            <metalwork>Silverwork is a traditional craft that is still preserved.  In particular, silver thread is used in decoration of textiles and saddles. (Eldjarn 14, see Sources)</metalwork>

        </art>



        



        <textiles>

            Wool prepared in Iceland is the fabric most often used.  This is a combination of both insulating and water-proof fibers.  Also, the art of fine bedspreads and curtains still continues today. (Eldjarn 12, see Sources)

</textiles>

  </artistic>



        <lit> 

            <book>Icelandic Sagas (12 and 13th centuries)</book> 

        </lit>



        <food> 

            <natdish>Hakarl (putrified shark)</natdish>

            <natdrink> Brenniv�n ("Black Death") which is made from potatoes and caraway flavoring.</natdrink>

        </food>

  

 

<architecture>

        <buildtype1>Skali.  This is an old Icelandic hall made of wood and other organic materials.   Those found at Bjarnastadahlid and Flatatunga in Skagafjordur (11th century) remain as popular examples of this type of architecture. (Eldjarn 6-7, see Sources)</buildtype1>

        <buildtype2>Modern.  Modern buildings are colorfully painted in bright tones.</buildtype2>

    </architecture>

    

<fashion>

        <clothingw>One type of clothing worn by Icelandic women on holidays is called Upphlutur ('Upper Part').  The vest is decoarted with embroidery, gold thread, and ornaments.  A special hat called a Skotth�fa ('Tail Cap') is worn with this costume.  </clothingw>

        <clothingm>Men's traditional clothing is not particularly distinctive.  It is used for Folk dance, but otherwise is not worn.  The costume includes a short buttoned coat, knee-length pants, and a hat with tassle. </clothingm>

    </fashion>



    <jewelry>

        <jeweltype>The jewelry of Iceland is most often made of either a copper alloy or gilded silver (Eldjarn 13, see Sources).</jeweltype>

    </jewelry>



  </material>

 </culture>

</country>