<?xml version="1.0" encoding="ISO-8859-1"?>



<?xml-stylesheet type="text/xsl" href="icelandj.xsl"?>





<country>

<source1>"Iceland."</source1><source1l> Encyclop�dia Britannica Online. </source1l>



<source2> "Iceland." CIA - The World Factbook. </source2>

<source2l> https://www.cia.gov/cia/publications/factbook/</source2l>



<source3> Icelandic Tourist Board's  Official Website. </source3>

<source3l>www.icetourist.is </source3l>



<source4> Icelandic Greetings.</source4>

<source4l>http://en.wikibooks.org/wiki/Icelandic/Greetings </source4l>



<source5> Eldjarn, Kristjan. Icelandic Art. New York: Harry N. Abrams, Inc., 1957, pages 6-13.</source5>



<source6> Gateway to Iceland. </source6>

<source6l>www.iceland.is/

</source6l>



<source7> David Metraux - Iceland.</source7>

<source7l>www.davidmetraux.com/iceland.html </source7l>



<source8> Virtually Virtual Iceland - National Costume.</source8>

<source8l>www.isholf.is/gardarj/costume/costume.htm</source8l>



<source9> The 

Universal Currency Converter. </source9><source9l>www.xe.com/ucc/

</source9l>



<source10> Consular Information Sheet - Iceland.</source10>

<source10l>http://travel.state.gov/travel/

</source10l>



<source11> CDC - Destination: Western Europe.</source11>

<source11l>www.cdc.gov/travel/westeurp.htm</source11l>



<source12> Visit Reykjav�k.</source12>

<source12l>www.tourist.reykjavik.is/</source12l>



<source13> Welcome to Iceland. </source13>

<source13l>www.geographia.com/iceland/ </source13l>



<source14> Jo's Icelandic Recipes.</source14> 

<source14l>www.isholf.is/gullis/jo/beverages.htm</source14l>



</country>





















