<?xml version="1.0" encoding="ISO-8859-1"?>



<?xml-stylesheet type="text/xsl" href="icelandb.xsl"?>





<country>



<demography>

  <name>Iceland</name>

  <size>37,741 sq mi</size>

  <population>(in 2005) 295,000</population>

  <ratio><men>50.13%</men>

  <women>49.87%</women></ratio>

  <climate>Summer: 51 F; Winter: 31 F;  temperate, moderate, windy winters and damp summers</climate>

  <cities>

    <city1>Reykjavik</city1>

    <city2>Akureyri</city2>

  </cities>

</demography>

</country>