<?xml version="1.0" encoding="ISO-8859-1"?>

<?xml-stylesheet type="text/xsl" href="moroccof.xsl"?>



<country>


<culture>
	<material>
		<artistic>
			<art>
			<decart> Pottery is an important traditional handcraft in Morocco. Potters use 						burnt earth and clay to design pots, kettles, and vases. Some ceramics are covered with a 			fine leather and decorated with gold design. The costal city of Safi is a world renown 			pottery destination. 
			</decart>

			<metalwork>Moroccans use metal and brass to create decorative lamps, 							candleholders, grilles, and small tables and chairs. Other items produced include finely 				carved door knockers, sugar boxes, incense burners and lanterns. </metalwork>
				
			</art>


			<textiles>Weaving is one of Morocco's oldest traditional crafts. Long robes, blankets, 					tablecoths and tea cover sets are made from wool, cotton and silk. 
			</textiles>

			<food>
				<natdish> Couscous </natdish>
				
				<natdrink> Mint Tea </natdrink>
			</food>
		</artistic>
	
		<architecture>
			<buildtype1>Casbah is a feudal castle or fortified village with interconnected 						sections, primarily in the Berber homelands in the Atlas Mountains.</buildtype1>
			<buildtype2>The horse shoe arch, which can be rounded or pointed, is the most distinctive 			architectural feature of Moroccoan buildings. The style was adopted from Visgoths of 					Scandinavia who came through Spain.</buildtype2>
			<buildtype3>Tile mosaics (zelliges) are traditional art that decorate many public buildings, 			private homes and mosques.</buildtype3>

		</architecture>

		<fashion>
			<clothingm1>Djellaba - long outer robe with a hood and long sleeves. Men where them in 					white.
			</clothingm1>
			<clothingm2>Turbans and knit caps are worm by men, both are worn close to the head and are 				brimless, so as not to interfere with prayers. Professional men tend to wear turbans while 				villagers wear knit caps.  </clothingm2>
			
			<clothingw1>Many Moroccan women still dress in traditional styles and wear veils 					(pushi) although some affluent and professional women have begun to wear Western style 					outfits. </clothingw1>	 		
			<clothingw2>The women's version of the djellaba has large pockets and a zippered 					front.</clothingw2> 
			<clothingw3>Caftan is a traditional women's garment that is a long silk or cotton robe 					that often comes with gold belts and has decorated bands along the edges of the 					garment.</clothingw3>
			
			<jewelry> 
			<jeweltype>Smithing is a very old art form in Morocco. Artisans are known for intricate 					designs in silver and gold jewelry.</jeweltype>
			</jewelry>
		</fashion>
	</material>
</culture>
</country>