<?xml version="1.0" encoding="ISO-8859-1"?>

<?xml-stylesheet type="text/xsl" href="moroccoh.xsl"?>



<country>


<attractions>
	<museums>
		<mustype1>Museum of Moroccan Arts, Tangier </mustype1>
		<mustype2>Oudaias Museum, Rabat </mustype2>
		<mustype3>Archeological Museum, Rabat </mustype3>
		<mustype4>Museum of Antiquities, Tangier </mustype4>
	</museums>

	<landmarks>
		<place1>Tour Hassan - the most famous site in Rabat. The minaret of a great mosque begun 		by Yacoub al-Mansour. The construction was stopped after an earthquake in 1755.</place1>
		<place2>Jardins Triangle de Vue - Rabat's central park</place2>
		<place3>Hassan II Mosque - the third largest mosque in the world</place3>
		<place4></place4>
		<place5></place5>
		

	</landmarks>

	<festivals>

		<party1>Eid el Kebir (late January to early March) commemorates Abraham's readiness to sacrifice his 		only son as commanded by God.</party1>
		<party2>Eid el fitr (November) marks the end of Ramadan, prayer and fasting period,with celebrations 		and feasting</party2>
		<party3>Eid el Mouloud (between May and June) celebrates the birth of the prophet Muhammad. 		There is a large candle-lit parade in the capital Rabat.</party3>
		<party4>Eid el Muharram (between February and March) falls exactly three months after Ramadan and 		marks the Muslim New Year.</party4>
		<party5>Folklore Festival (between June and July) annual weeklong arts festival that 		includes dancers, artists, musicians, acrobats, painters, snake charmers and other vendors</party5>
		<party6>Eid el Broud or the Festival of Gunpowder (September) is a spectacular procession on 		galloping horses that is opened and closed with rapid gunfire from homemade guns.</party6>

	</festivals>

	<holidays>
		<date1>Independence Day (November 18) celebrates bravery of national heroes toward freedom from 				French Colonial rule.</date1>

		<date2>Throne Day (March 3) marks the anniversary of King Hassan II's ascension to power in 1961. 			</date2>

		<date3>Green March Day (November 6) commemorates Nov. 6, 1975 when over 500,000 Moroccans 			marched into Western Sahara to claim the land at the end of Spanish colonial rule.</date3>
		
		<date4>Reunification Day (August 14) commemorates Morocco's declaration of unity with Western 				Sahara on August 14, 1979</date4>

	</holidays>

	<sports> 
		<team1>soccer</team1>
		<team2>tennis</team2>
		<team3>golf </team3>
		<team4>swimming </team4>
		<team5>basketball </team5>
		<team6>trekking </team6>
		<team7>skiing </team7>
	</sports>

	
</attractions>


</country>