<?xml version="1.0" encoding="ISO-8859-1"?>

<?xml-stylesheet type="text/xsl" href="moroccoj.xsl"?>



<country>


<sources>
<source1>Raphael Chijioke Njoku. Culture and Customs of Morocco. Westport: Greenwood Press 2006. </source1>
<source2>"Morocco." Encylopaedia Britannica. 2006. Encyclopaedia Britannica Online. 16 Nov. 2006. </source2>

<source2l>http://www.searcheb.com.proxy-um.researchport.umd.edu/eb/article-9110712</source2l>
<source3>Morocco.com 16 Nov. 2006. </source3>
<source3l>http://www.morocco.com </source3l>
<source4>Maroc Tour Travel 24 Nov. 2006</source4>
<source4l>http://travel.maroctour.com/destinations.php</source4l>
<source5>World Travels 7 Dec. 2006</source5>
<source5l>http://www.wordtravels.com/Travelguide/Countries/Morocco/Climate/</source5l>
<source6>Consular Information Sheet - Morocco</source6>
<source6l>http://travel.state.gov/travel/cis_pa_tw/cis/cis_975.html
</source6l>
<source7>CDC - Destination: North Africa</source7>
<source7l>http://www.cdc.gov/travel/nafrica.htm</source7l>

</sources>

</country>