<?xml version="1.0" encoding="ISO-8859-1"?>

<?xml-stylesheet type="text/xsl" href="moroccoe.xsl"?>



<country>


<culture>
	<nonmaterial>
		<religion>
			<faith1>Muslim (mostly Sunni) 98.3%</faith1>
			<faith2>Christian 0.6% </faith2>
		</religion>
	
		<language>
			<speak1>Arabic</speak1>
				<greet1>La Bes</greet1>
				<greetus1>Hello</greetus1>
				<greet2>Beheer</greet2>
				<greetus2>Hello (respose to above)</greetus2>
				<greet3>Bslemah</greet3>
				<greetus3>Good-bye</greetus3>
				<greet4>Na'am</greet4>
				<greetus4>Yes</greetus4>
				<greet5>La</greet5>
				<greetus5>No</greetus5>
				<greet6>Minfadik or Afek</greet6>
				<greetus6>please</greetus6>
				<greet7>Shokran or Barakalowfik</greet7>
				<greetus7>Thank you</greetus7>
			<speak2>Berber dialects</speak2>
			<speak3>French (language of business, government and diplomacy)</speak3>
			<speak4>Spanish </speak4>
		</language>

		<protocol> 
		<norm1>Traditionally food is eaten without utensils, using the right hand. </norm1>
		<norm2> As a house guest, one should eat what is offered </norm2>
		<never1>Never eat food with the left hand because that hand is considered unclean. </never1>

		</protocol>
	</nonmaterial>
</culture>
</country>