<?xml version="1.0" encoding="ISO-8859-1"?>

<?xml-stylesheet type="text/xsl" href="moroccod.xsl"?>



<country>


<history>
	<founding>Independence declared on March 2, 1956</founding>
	<firstruler>Moulay Idriss I</firstruler>
	<age>Morocco is a very old region that has been inhabited by various regional powers. The first Muslim dynasty began in 785 under Moulay Idriss. The Idriss dynasty lasted for approximately 200 years. </age>
	<currentgov>
		<ruler> King Mohammed VI </ruler>
		<govtype>Constitutional Monarchy </govtype>
	</currentgov>

</history>
</country>