<?xml version="1.0" encoding="ISO-8859-1"?>

<?xml-stylesheet type="text/xsl" href="moroccob.xsl"?>



<country>


<demography>

	<name>Al-Mamlakah al-Maghribiyah (Kingdom of Morocco)</name>
	<size> 274,461 square miles </size>
	<population>30 million </population>
	<ratio>  
		<men> 49.7%</men>
		<women> 50.3% </women>
	</ratio>
	<climate>Morocco generally has two regional climates. The north is warm and temperate while the southern region is semiarid. The North's average temperatures are Winter: 50 F Summer: 90 F. For the South the average temperatures are winter: 70 F and summer 100 F. </climate>
	<cities>
		<city1>Rabat (Capital)</city1>
		<city2>Casablanca</city2>
		<city3>Marrakech</city3>
		<city4>Tangier</city4>
		<city5>Fes</city5>
	</cities>

</demography>
</country>